ID;Inclure;"entrée;type;catégorie;registre;nature;définition;expression_ou_image;extrait;chanson;occurrences;statut;source";Commentaire
LEX-0001;À VOIR;"coi;mot;lexique;littéraire / vieilli;adj.;""Silencieux";" sans parler; immobile et muet."";;Qu'je m'démène ou qu'je reste coi";" Je passe pour un je-ne-sais-quoi !;LA MAUVAISE RÉPUTATION;1;définition à contrôler;CNRTL/TLFi ou Dictionnaire de l’Académie française";
LEX-0002;À VOIR;"quadrumane;mot;lexique;zoologie / vieilli;nom/adj.;""Qui a quatre membres préhensiles; ancien terme appliqué notamment aux singes."";;Voyant que toutes se dérobe"; Le quadrumane accéléra;";LA MAUVAISE RÉPUTATION;1;définition à contrôler;CNRTL/TLFi ou Dictionnaire de l’Académie française";
LEX-0003;À VOIR;"luron;mot;lexique;familier;nom;Personne gaie"; vive; enjouée;" parfois un peu friponne.;;D'autant plus vaine était leur crainte";" Que le gorille est un luron;LA MAUVAISE RÉPUTATION;1;définition à contrôler;CNRTL/TLFi ou Dictionnaire de l’Académie française";
LEX-0004;À VOIR;"pucelage;mot;lexique;familier / vieilli;nom;État d’une personne qui n’a pas encore eu de rapport sexuel.;;Il parlait de son pucelage";" Vous l'aviez deviné j'espère;LA MAUVAISE RÉPUTATION;1;définition à contrôler;CNRTL/TLFi ou Dictionnaire de l’Académie française";
LEX-0005;À VOIR;"commères;mot;lexique;à déterminer;;À vérifier dans un dictionnaire lexicographique.;;Avec impudeur ces commères";" lorgnaient même un endroit précis;LA MAUVAISE RÉPUTATION;2;candidat à vérifier;CNRTL/TLFi ou Dictionnaire de l’Académie française";
LEX-0006;À VOIR;"engeance;mot;lexique;littéraire / péjoratif;nom;""Race"; espèce;" descendance; souvent avec une nuance péjorative."";;Dès que la féminine engeance";" sut que le singe était puceau;LA MAUVAISE RÉPUTATION;1;définition à contrôler;CNRTL/TLFi ou Dictionnaire de l’Académie française";
LEX-0007;À VOIR;"maquis;mot;lexique;courant / géographie;nom;""Terrain boisé difficile d’accès; par extension";" formation végétale méditerranéenne."";;Il saisit le juge à l'oreille";" Et l'entraîna dans un maquis;LA MAUVAISE RÉPUTATION;1;définition à contrôler;CNRTL/TLFi ou Dictionnaire de l’Académie française";
LEX-0008;À VOIR;"délectable;mot;lexique;littéraire;adj.;Qui procure un grand plaisir";" notamment au goût ou à l’esprit.;;La suite serait délectable"; Malheureusement je ne peux;";LA MAUVAISE RÉPUTATION;1;définition à contrôler;CNRTL/TLFi ou Dictionnaire de l’Académie française";
LEX-0009;À VOIR;"pardi;mot;lexique;populaire / vieilli;interj.;Forme populaire de « par Dieu »";" employée pour renforcer une affirmation.;;Je n'perdais pas au change";" pardi;LA MAUVAISE RÉPUTATION;9;définition à contrôler;CNRTL/TLFi ou Dictionnaire de l’Académie française";
LEX-0010;À VOIR;"jupon;mot;lexique;à déterminer;;À vérifier dans un dictionnaire lexicographique.;;Laisse-moi tenir ton jupon";" J't'emmène visiter la nature !;LA MAUVAISE RÉPUTATION;16;candidat à vérifier;CNRTL/TLFi ou Dictionnaire de l’Académie française";
LEX-0011;À VOIR;"guilleret;mot;lexique;courant / littéraire;adj.;Gai"; enjoué;" de bonne humeur.;;Laisse-moi tenir ton jupon"; Courons guilleret; guillerette;";LA MAUVAISE RÉPUTATION;3;définition à contrôler;CNRTL/TLFi ou Dictionnaire de l’Académie française";
LEX-0012;À VOIR;"guillerette;mot;lexique;à déterminer;;À vérifier dans un dictionnaire lexicographique.;;Laisse-moi tenir ton jupon"; Courons guilleret; guillerette;";LA MAUVAISE RÉPUTATION;3;candidat à vérifier;CNRTL/TLFi ou Dictionnaire de l’Académie française";
LEX-0013;À VOIR;"gambades;mot;lexique;à déterminer;;À vérifier dans un dictionnaire lexicographique.;;Lors ma mie"; sans croire au danger; Faisons mille et une gambades;";LA MAUVAISE RÉPUTATION;1;candidat à vérifier;CNRTL/TLFi ou Dictionnaire de l’Académie française";
LEX-0014;À VOIR;"aubade;mot;lexique;littéraire;nom;Musique ou chant donné au petit matin";" traditionnellement sous les fenêtres de quelqu’un.;;J'ai graissé la patte au berger";" Pour lui faire jouer une aubade.;LA MAUVAISE RÉPUTATION;1;définition à contrôler;CNRTL/TLFi ou Dictionnaire de l’Académie française";
LEX-0015;À VOIR;"matines;mot;lexique;à déterminer;;À vérifier dans un dictionnaire lexicographique.;;Ding ding dong"; les matines sonnent; En l'honneur de notre bonheur;";LA MAUVAISE RÉPUTATION;2;candidat à vérifier;CNRTL/TLFi ou Dictionnaire de l’Académie française";
LEX-0016;À VOIR;"gargotière;mot;lexique;familier / vieilli;nom;Femme qui tient une gargote.;;Madame ma gargotière";" Comme je lui dois trop de sous;LA MAUVAISE RÉPUTATION;1;définition à contrôler;CNRTL/TLFi ou Dictionnaire de l’Académie française";
LEX-0017;À VOIR;"froufrous;mot;lexique;à déterminer;;À vérifier dans un dictionnaire lexicographique.;;La demeure que je préfère";" C'est votre robe à froufrous;LA MAUVAISE RÉPUTATION;1;candidat à vérifier;CNRTL/TLFi ou Dictionnaire de l’Académie française";
LEX-0018;À VOIR;"maraud;mot;lexique;familier / vieilli;nom/adj.;""Personne grossière";" malhonnête ou méprisable; parfois terme d’injure."";;Si"; par hasard; Sur l'Pont des Arts; Tu croises le vent; le vent maraud; Prudent;" prends garde à ton chapeau;LA MAUVAISE RÉPUTATION;3;définition à contrôler;CNRTL/TLFi ou Dictionnaire de l’Académie française";
LEX-0019;À VOIR;"fripon;mot;lexique;familier / littéraire;nom/adj.;""Personne malicieuse"; rusée;" espiègle; parfois coquine."";;Si"; par hasard; Sur l'Pont des Arts; Tu croises le vent; le vent fripon; Prudence;" prends garde à ton jupon;LA MAUVAISE RÉPUTATION;4;définition à contrôler;CNRTL/TLFi ou Dictionnaire de l’Académie française";
LEX-0020;À VOIR;"probes;mot;lexique;à déterminer;;À vérifier dans un dictionnaire lexicographique.;;Les jean-foutre et les gens probes"; Médisent du vent furibond; Qui rebrousse les bois; détrousse les toits;" retrousse les robes;LA MAUVAISE RÉPUTATION;2;candidat à vérifier;CNRTL/TLFi ou Dictionnaire de l’Académie française";
LEX-0021;À VOIR;"rebrousse;mot;lexique;à déterminer;;À vérifier dans un dictionnaire lexicographique.;;Les jean-foutre et les gens probes"; Médisent du vent furibond; Qui rebrousse les bois; détrousse les toits;" retrousse les robes;LA MAUVAISE RÉPUTATION;2;candidat à vérifier;CNRTL/TLFi ou Dictionnaire de l’Académie française";
LEX-0022;À VOIR;"détrousse;mot;lexique;à déterminer;;À vérifier dans un dictionnaire lexicographique.;;Les jean-foutre et les gens probes"; Médisent du vent furibond; Qui rebrousse les bois; détrousse les toits;" retrousse les robes;LA MAUVAISE RÉPUTATION;1;candidat à vérifier;CNRTL/TLFi ou Dictionnaire de l’Académie française";
LEX-0023;À VOIR;"fâcheux;mot;lexique;courant / soutenu;adj./nom;""Qui importune";" ennuie ou contrarie; personne importune."";;Mais une attention profonde"; Prouve que c'est chez les fâcheux;" Qu'il préfère choisir les victimes de ses petits jeux;LA MAUVAISE RÉPUTATION;3;définition à contrôler;CNRTL/TLFi ou Dictionnaire de l’Académie française";
LEX-0024;À VOIR;"chenue;mot;lexique;à déterminer;;À vérifier dans un dictionnaire lexicographique.;;Il avait la tête chenue";" Et le cœur ingénu;LES COPAINS D'ABORD;1;candidat à vérifier;CNRTL/TLFi ou Dictionnaire de l’Académie française";
LEX-0025;À VOIR;"croquignol;mot;lexique;familier / plaisant;adj./nom;""Ridicule";" grotesque; personne ou situation comique par son aspect."";;Et donnèrent je vous l'assure";" Un spectacle assez croquignol.;AUPRES DE MON ARBRE;1;définition à contrôler;CNRTL/TLFi ou Dictionnaire de l’Académie française";
LEX-0026;À VOIR;"pandores;mot;lexique;à déterminer;;À vérifier dans un dictionnaire lexicographique.;;En voyant ces braves pandores";" Être à deux doigts de succomber;AUPRES DE MON ARBRE;1;candidat à vérifier;CNRTL/TLFi ou Dictionnaire de l’Académie française";
LEX-0027;À VOIR;"macchabées;mot;lexique;à déterminer;;À vérifier dans un dictionnaire lexicographique.;;Moi"; j'bichais car je les adore;" Sous la forme de macchabées;AUPRES DE MON ARBRE;9;candidat à vérifier;CNRTL/TLFi ou Dictionnaire de l’Académie française";
LEX-0028;À VOIR;"mégères;mot;lexique;à déterminer;;À vérifier dans un dictionnaire lexicographique.;;Des mégères gendarmicides"; En criant: « Hip; hip; hip;" hourra ! »;AUPRES DE MON ARBRE;3;candidat à vérifier;CNRTL/TLFi ou Dictionnaire de l’Académie française";
LEX-0029;À VOIR;"gendarmicides;mot;lexique;à déterminer;;À vérifier dans un dictionnaire lexicographique.;;Des mégères gendarmicides"; En criant: « Hip; hip; hip;" hourra ! »;AUPRES DE MON ARBRE;1;candidat à vérifier;CNRTL/TLFi ou Dictionnaire de l’Académie française";
LEX-0030;À VOIR;"lourdauds;mot;lexique;à déterminer;;À vérifier dans un dictionnaire lexicographique.;;Une autre fourre avec rudesse";" Le crâne d'un de ses lourdauds;AUPRES DE MON ARBRE;1;candidat à vérifier;CNRTL/TLFi ou Dictionnaire de l’Académie française";
LEX-0031;À VOIR;"gnons;mot;lexique;à déterminer;;À vérifier dans un dictionnaire lexicographique.;;Jugeant enfin que leurs victimes";" Avaient eu leur content de gnons;AUPRES DE MON ARBRE;1;candidat à vérifier;CNRTL/TLFi ou Dictionnaire de l’Académie française";
LEX-0032;À VOIR;"crottés;mot;lexique;à déterminer;;À vérifier dans un dictionnaire lexicographique.;;Les sabots d'Hélène"; étaient tout crottés;";LA MAUVAISE RÉPUTATION;2;candidat à vérifier;CNRTL/TLFi ou Dictionnaire de l’Académie française";
LEX-0033;À VOIR;"malappris;mot;lexique;courant / péjoratif;nom/adj.;Personne qui manque de politesse et de savoir-vivre.;;Quand la sainte famille Machin"; Croise sur son chemin;" Deux de ces malappris;LA MAUVAISE RÉPUTATION;2;définition à contrôler;CNRTL/TLFi ou Dictionnaire de l’Académie française";
LEX-0034;À VOIR;"venimeux;mot;lexique;courant / figuré;adj.;""Qui contient ou exprime du venin; au figuré"; méchant;" malveillant."";;Elle leur décroche hardiment des propos venimeux;LA MAUVAISE RÉPUTATION;2;définition à contrôler;CNRTL/TLFi ou Dictionnaire de l’Académie française";
LEX-0035;À VOIR;"gougoutte;mot;lexique;à déterminer;;À vérifier dans un dictionnaire lexicographique.;;Quand Margot dégrafait son corsage";" pour donner la gougoutte à son chat;LA MAUVAISE RÉPUTATION;3;candidat à vérifier;CNRTL/TLFi ou Dictionnaire de l’Académie française";
LEX-0036;À VOIR;"bedeau;mot;lexique;religieux / vieilli;nom;Laïc chargé de certaines fonctions matérielles dans une église.;;L'maître d'école et ses potaches"; le maire; le bedeau; le bougnat;" négligeaient carrément leur tâche pour voir ça;LA MAUVAISE RÉPUTATION;2;définition à contrôler;CNRTL/TLFi ou Dictionnaire de l’Académie française";
LEX-0037;À VOIR;"bougnat;mot;lexique;familier / vieilli;nom;Marchand de charbon et"; traditionnellement;" débitant de boissons d’origine auvergnate.;;L'maître d'école et ses potaches"; le maire; le bedeau; le bougnat;" négligeaient carrément leur tâche pour voir ça;LA MAUVAISE RÉPUTATION;1;définition à contrôler;CNRTL/TLFi ou Dictionnaire de l’Académie française";
LEX-0038;À VOIR;"preste;mot;lexique;littéraire;adj.;Rapide et agile dans ses mouvements.;;Le facteur d'ordinaire si preste pour voir ça ne distribuait plus les lettres que personne au reste n'aurait lues;LA MAUVAISE RÉPUTATION;3;définition à contrôler;CNRTL/TLFi ou Dictionnaire de l’Académie française";
LEX-0039;À VOIR;"morbleu;mot;lexique;vieilli;interj.;Juronnement ancien";" euphémisme de « mort de Dieu ».;;Souvenir de la cane"; De Jeanne;" Morbleu;LA MAUVAISE RÉPUTATION;3;définition à contrôler;CNRTL/TLFi ou Dictionnaire de l’Académie française";
LEX-0040;À VOIR;"tramontane;mot;lexique;régional / météorologie;nom;""Vent froid et sec venant du nord-ouest dans le Midi de la France; au figuré";" idée de vent ou de perte de repères."";;J'ai perdu la tramontane En trouvant Margot"; Princesse vêtue de laine;" Déesse en sabots...;LA MAUVAISE RÉPUTATION;3;définition à contrôler;CNRTL/TLFi ou Dictionnaire de l’Académie française";
LEX-0041;À VOIR;"bigot;mot;lexique;péjoratif;nom/adj.;Personne attachée de manière étroite et excessive aux pratiques religieuses.;;J'ai perdu la tramontane"; En perdant Margot; Qui épousa; contre son âme;" Un triste bigot...;LA MAUVAISE RÉPUTATION;2;définition à contrôler;CNRTL/TLFi ou Dictionnaire de l’Académie française";
LEX-0042;À VOIR;"vêpres;mot;lexique;religieux / liturgique;nom;Office religieux célébré en fin d’après-midi ou le soir.;;La mignonne allait aux vêpres"; Se mettre à genoux; Alors j'ai mordu ses lèvres;" Pour savoir leur goût...;LA MAUVAISE RÉPUTATION;1;définition à contrôler;CNRTL/TLFi ou Dictionnaire de l’Académie française";
LEX-0043;À VOIR;"madone;mot;lexique;arts / religieux;nom;""La Vierge Marie représentée dans l’art; par extension";" représentation de la Vierge."";;J'lui ai dit: « De la Madone"; Tu es le portrait ! » Le Bon Dieu me le pardonne;" C'était un peu vrai...;LA MAUVAISE RÉPUTATION;2;définition à contrôler;CNRTL/TLFi ou Dictionnaire de l’Académie française";
LEX-0044;À VOIR;"marmots;mot;lexique;à déterminer;;À vérifier dans un dictionnaire lexicographique.;;Elle doit avoir à l'heure"; A l'heure qu'il est; Deux ou trois marmots qui pleurent;" Pour avoir leur lait...;LA MAUVAISE RÉPUTATION;1;candidat à vérifier;CNRTL/TLFi ou Dictionnaire de l’Académie française";
LEX-0045;À VOIR;"déshonneur;mot;lexique;à déterminer;;À vérifier dans un dictionnaire lexicographique.;;Moi seul connu le déshonneur";" De n'pas être mort au champ d'honneur.;LA MAUVAISE RÉPUTATION;2;candidat à vérifier;CNRTL/TLFi ou Dictionnaire de l’Académie française";
LEX-0046;À VOIR;"gerbe;mot;lexique;à déterminer;;À vérifier dans un dictionnaire lexicographique.;;C'est pas moi qu'on rumine et c'est pas moi qu'on met en gerbe.;LA MAUVAISE RÉPUTATION;5;candidat à vérifier;CNRTL/TLFi ou Dictionnaire de l’Académie française";
LEX-0047;À VOIR;"donzelle;mot;lexique;vieilli / plaisant;nom;Jeune fille ou femme";" terme ancien ou plaisant.;;Me sentant rempli de pitié"; Pour la donzelle; J'lui enseignai; de son métier;" Les p'tites ficelles;LA MAUVAISE RÉPUTATION;2;définition à contrôler;CNRTL/TLFi ou Dictionnaire de l’Académie française";
LEX-0048;À VOIR;"ficelles;mot;lexique;à déterminer;;À vérifier dans un dictionnaire lexicographique.;;Me sentant rempli de pitié"; Pour la donzelle; J'lui enseignai; de son métier;" Les p'tites ficelles;LA MAUVAISE RÉPUTATION;2;candidat à vérifier;CNRTL/TLFi ou Dictionnaire de l’Académie française";
LEX-0049;À VOIR;"sacristain;mot;lexique;religieux;nom;Personne chargée de la garde et de l’entretien d’une église et de ses objets liturgiques.;;On n'tortille pas son popotin"; D'la même manière; Pour un droguiste; un sacristain;" Un fonctionnaire;LA MAUVAISE RÉPUTATION;2;définition à contrôler;CNRTL/TLFi ou Dictionnaire de l’Académie française";
LEX-0050;À VOIR;"honteuse;mot;lexique;à déterminer;;À vérifier dans un dictionnaire lexicographique.;;Un soir"; à la suite de; Manœuvres douteuses; Elle tomba victime d'une;" Maladie honteuse;LA MAUVAISE RÉPUTATION;2;candidat à vérifier;CNRTL/TLFi ou Dictionnaire de l’Académie française";
LEX-0051;À VOIR;"braire;mot;lexique;courant / expressif;verbe;""Crier";" en parlant de l’âne; par extension";" crier d’une manière désagréable."";;Elle eut beau pousser des sanglots"; Braire à tue-tête; Comme je n'étais qu'un salaud;" J'me fis honnête;LA MAUVAISE RÉPUTATION;2;définition à contrôler;CNRTL/TLFi ou Dictionnaire de l’Académie française";
LEX-0052;À VOIR;"bordel;mot;lexique;à déterminer;;À vérifier dans un dictionnaire lexicographique.;;Sitôt privée de ma tutelle"; Ma pauvre amie; Courut essuyer du bordel;" Les infamies;LA MAUVAISE RÉPUTATION;3;candidat à vérifier;CNRTL/TLFi ou Dictionnaire de l’Académie française";
LEX-0053;À VOIR;"croquantes;mot;lexique;à déterminer;;À vérifier dans un dictionnaire lexicographique.;;Toi qui m'as donné du feu quand";" Les croquantes et les croquants;LA MAUVAISE RÉPUTATION;3;candidat à vérifier;CNRTL/TLFi ou Dictionnaire de l’Académie française";
LEX-0054;À VOIR;"croquants;mot;lexique;à déterminer;;À vérifier dans un dictionnaire lexicographique.;;Toi qui m'as donné du feu quand";" Les croquantes et les croquants;LA MAUVAISE RÉPUTATION;14;candidat à vérifier;CNRTL/TLFi ou Dictionnaire de l’Académie française";
LEX-0055;À VOIR;"huche;mot;lexique;vieilli;nom;Coffre ou caisse servant notamment à conserver le pain.;;Toi qui m'ouvris ta huche quand";" Les croquantes et les croquants;LA MAUVAISE RÉPUTATION;1;définition à contrôler;CNRTL/TLFi ou Dictionnaire de l’Académie française";
LEX-0056;À VOIR;"sabots;mot;lexique;à déterminer;;À vérifier dans un dictionnaire lexicographique.;;L'herbe est douce à Pâques fleuries"; Jetons mes sabots; tes galoches;";LA MAUVAISE RÉPUTATION;9;candidat à vérifier;CNRTL/TLFi ou Dictionnaire de l’Académie française";
LEX-0057;À VOIR;"mité;mot;lexique;à déterminer;;À vérifier dans un dictionnaire lexicographique.;;Le jupon d'Hélène"; était tout mité;";LA MAUVAISE RÉPUTATION;2;candidat à vérifier;CNRTL/TLFi ou Dictionnaire de l’Académie française";
LEX-0058;À VOIR;"gastibelza;mot;lexique;à déterminer;;À vérifier dans un dictionnaire lexicographique.;;""GASTIBELZA """"L'HOMME A LA CARABINE"""""";AUPRES DE MON ARBRE;2;candidat à vérifier;CNRTL/TLFi ou Dictionnaire de l’Académie française";
LEX-0059;À VOIR;"maugrabine;mot;lexique;vieilli;nom;Femme originaire du Maghreb ou"; dans un emploi ancien;" de l’Afrique du Nord.;;« Quelqu'un de vous a-t-il connu Sabine"; Ma señora ? Sa mère était la vieille maugrabine D'Antequera;";AUPRES DE MON ARBRE;1;définition à contrôler;CNRTL/TLFi ou Dictionnaire de l’Académie française";
LEX-0060;À VOIR;"bagne;mot;lexique;à déterminer;;À vérifier dans un dictionnaire lexicographique.;;J'aurais gaîment passé dix ans au bagne Sous les verrous... -Le vent qui vient à travers la montagne Me rendra fou.;AUPRES DE MON ARBRE;2;candidat à vérifier;CNRTL/TLFi ou Dictionnaire de l’Académie française";
LEX-0061;À VOIR;"verrous;mot;lexique;à déterminer;;À vérifier dans un dictionnaire lexicographique.;;J'aurais gaîment passé dix ans au bagne Sous les verrous... -Le vent qui vient à travers la montagne Me rendra fou.;AUPRES DE MON ARBRE;2;candidat à vérifier;CNRTL/TLFi ou Dictionnaire de l’Académie française";
LEX-0062;À VOIR;"licou;mot;lexique;rural / vieilli;nom;Licol";" dispositif de cuir ou de corde placé sur la tête d’un animal.;;Menait César"; empereur d'Allemagne;" Par le licou... -Le vent qui vient à travers la montagne Me rendra fou.;AUPRES DE MON ARBRE;1;définition à contrôler;CNRTL/TLFi ou Dictionnaire de l’Académie française";
LEX-0063;À VOIR;"hécatombe;mot;lexique;courant / historique;nom;""Grand nombre de victimes ou de morts; à l’origine";" sacrifice de cent bœufs."";;HÉCATOMBE;AUPRES DE MON ARBRE;2;définition à contrôler;CNRTL/TLFi ou Dictionnaire de l’Académie française";
LEX-0064;À VOIR;"quenouille;mot;lexique;vieilli;nom;""Bâton servant à filer les fibres textiles; par extension";" objet ayant une forme allongée."";;Comme il atteignait l'orée du village"; Filant sa quenouille;" il vit Cendrillon;AUPRES DE MON ARBRE;2;définition à contrôler;CNRTL/TLFi ou Dictionnaire de l’Académie française";
LEX-0065;À VOIR;"cotillon;mot;lexique;vieilli;nom;""Jupe de femme";" notamment dans un emploi ancien; danse populaire à l’origine."";;Quand il se fit tendre"; elle lui dit : « J'présage;" Qu'c'est pas dans les plis de mon cotillon;AUPRES DE MON ARBRE;4;définition à contrôler;CNRTL/TLFi ou Dictionnaire de l’Académie française";
LEX-0066;À VOIR;"bocages;mot;lexique;à déterminer;;À vérifier dans un dictionnaire lexicographique.;;Et bras d'ssus bras d'ssous vers les frais bocages";" Ils vont à la chasse aux papillons;AUPRES DE MON ARBRE;2;candidat à vérifier;CNRTL/TLFi ou Dictionnaire de l’Académie française";
LEX-0067;À VOIR;"frontal;mot;lexique;à déterminer;;À vérifier dans un dictionnaire lexicographique.;;En le regardant avec un œil de poète";" On aurait pu croire à son frontal de prophète;AUPRES DE MON ARBRE;1;candidat à vérifier;CNRTL/TLFi ou Dictionnaire de l’Académie française";
LEX-0068;À VOIR;"balourds;mot;lexique;familier;nom;Personnes lourdes";" maladroites ou peu fines d’esprit.;;La virtuosité c'est une affaire de balourds ! »";" Corne d'Aurochs;AUPRES DE MON ARBRE;2;définition à contrôler;CNRTL/TLFi ou Dictionnaire de l’Académie française";
LEX-0069;À VOIR;"argousins;mot;lexique;à déterminer;;À vérifier dans un dictionnaire lexicographique.;;Qu'il avait un petit cousin"; au gué; au gué; Haut placé chez les argousins; au gué;" au gué;AUPRES DE MON ARBRE;1;candidat à vérifier;CNRTL/TLFi ou Dictionnaire de l’Académie française";
LEX-0070;À VOIR;"thérapeutique;mot;lexique;à déterminer;;À vérifier dans un dictionnaire lexicographique.;;Et refusa l'secours de la thérapeutique";" Corne d'Aurochs;AUPRES DE MON ARBRE;1;candidat à vérifier;CNRTL/TLFi ou Dictionnaire de l’Académie française";
LEX-0071;À VOIR;"macchabée;mot;lexique;argotique / familier;nom;Cadavre";" mort.;;Les quat'zarts avaient fait les choses comme il faut : Le macchabée semblait tout à fait mort. Bravo !;LES COPAINS D'ABORD;3;définition à contrôler;CNRTL/TLFi ou Dictionnaire de l’Académie française";
LEX-0072;À VOIR;"funèbre;mot;lexique;à déterminer;;À vérifier dans un dictionnaire lexicographique.;;Fut de porter sur notre dos";" L'funèbre fardeau;AUPRES DE MON ARBRE;2;candidat à vérifier;CNRTL/TLFi ou Dictionnaire de l’Académie française";
LEX-0073;À VOIR;"goupillon;mot;lexique;à déterminer;;À vérifier dans un dictionnaire lexicographique.;;Et l'on courut à toutes jambes";" Quérir un goupillon mais;AUPRES DE MON ARBRE;3;candidat à vérifier;CNRTL/TLFi ou Dictionnaire de l’Académie française";
LEX-0074;À VOIR;"vicaire;mot;lexique;à déterminer;;À vérifier dans un dictionnaire lexicographique.;;Avant même que le vicaire";" Ait pu lâcher un cri;AUPRES DE MON ARBRE;3;candidat à vérifier;CNRTL/TLFi ou Dictionnaire de l’Académie française";
LEX-0075;À VOIR;"presbytère;mot;lexique;à déterminer;;À vérifier dans un dictionnaire lexicographique.;;A Lourdes"; Sète ou bien Parme; Comme à Quimper Corentin; Le presbytère sans le latin;" A perdu de son charme;TEMPETE DANS UN BENITIER;3;candidat à vérifier;CNRTL/TLFi ou Dictionnaire de l’Académie française";
LEX-0076;À VOIR;"calotins;mot;lexique;à déterminer;;À vérifier dans un dictionnaire lexicographique.;;Ils ne savent pas ce qu'ils perdent"; Tous ces fichus calotins; Sans le latin; sans le latin;" La messe nous emmerde;TEMPETE DANS UN BENITIER;3;candidat à vérifier;CNRTL/TLFi ou Dictionnaire de l’Académie française";
LEX-0077;À VOIR;"nonnettes;mot;lexique;à déterminer;;À vérifier dans un dictionnaire lexicographique.;;De nonnettes"; De cornettes; En sabbat;";LES COPAINS D'ABORD;3;candidat à vérifier;CNRTL/TLFi ou Dictionnaire de l’Académie française";
LEX-0078;À VOIR;"missel;mot;lexique;à déterminer;;À vérifier dans un dictionnaire lexicographique.;;Sans ambages"; Dans les pages; Du missel;";LES COPAINS D'ABORD;3;candidat à vérifier;CNRTL/TLFi ou Dictionnaire de l’Académie française";
LEX-0079;À VOIR;"avecques;mot;lexique;à déterminer;;À vérifier dans un dictionnaire lexicographique.;;D'avecques ma femme";" J'ai foutu le camp;AUPRES DE MON ARBRE;1;candidat à vérifier;CNRTL/TLFi ou Dictionnaire de l’Académie française";
LEX-0080;À VOIR;"sinécure;mot;lexique;à déterminer;;À vérifier dans un dictionnaire lexicographique.;;Parc' que depuis tant d'années";" C'était pas une sinécure;AUPRES DE MON ARBRE;2;candidat à vérifier;CNRTL/TLFi ou Dictionnaire de l’Académie française";
LEX-0081;À VOIR;"pouah;mot;lexique;à déterminer;;À vérifier dans un dictionnaire lexicographique.;;Les saperlottes"; les cré nom de nom; Les pestes; et pouah; diantre;" fichtre et foutre;LE PORNOGRAPHE;3;candidat à vérifier;CNRTL/TLFi ou Dictionnaire de l’Académie française";
LEX-0082;À VOIR;"fichtre;mot;lexique;à déterminer;;À vérifier dans un dictionnaire lexicographique.;;Les saperlottes"; les cré nom de nom; Les pestes; et pouah; diantre;" fichtre et foutre;LE PORNOGRAPHE;3;candidat à vérifier;CNRTL/TLFi ou Dictionnaire de l’Académie française";
LEX-0083;À VOIR;"saperlipopette;mot;lexique;familier / plaisant;interj.;Exclamation de surprise";" d’étonnement ou d’agacement.;;Tous les Bon Dieu"; Tous les vertudieux;" Tonnerre de Brest et saperlipopette;LE PORNOGRAPHE;3;définition à contrôler;CNRTL/TLFi ou Dictionnaire de l’Académie française";
LEX-0084;À VOIR;"ostrogoth;mot;lexique;à déterminer;;À vérifier dans un dictionnaire lexicographique.;;Au premier ostrogoth venu"; Les croquants;" ça tombe des nues;AUPRES DE MON ARBRE;3;candidat à vérifier;CNRTL/TLFi ou Dictionnaire de l’Académie française";
LEX-0085;À VOIR;"mœurs;mot;lexique;à déterminer;;À vérifier dans un dictionnaire lexicographique.;;Les filles de bonnes mœurs"; les filles de bonne vie;" Qui ont vendue leur fleurette à la foire à l'encan;AUPRES DE MON ARBRE;3;candidat à vérifier;CNRTL/TLFi ou Dictionnaire de l’Académie française";
LEX-0086;À VOIR;"bucolique;mot;lexique;à déterminer;;À vérifier dans un dictionnaire lexicographique.;;Une adorable bucolique";" Il est mélancolique;LE PORNOGRAPHE;3;candidat à vérifier;CNRTL/TLFi ou Dictionnaire de l’Académie française";
LEX-0087;À VOIR;"mélancolique;mot;lexique;à déterminer;;À vérifier dans un dictionnaire lexicographique.;;Une adorable bucolique";" Il est mélancolique;LE PORNOGRAPHE;3;candidat à vérifier;CNRTL/TLFi ou Dictionnaire de l’Académie française";
LEX-0088;À VOIR;"cousette;mot;lexique;à déterminer;;À vérifier dans un dictionnaire lexicographique.;;Qui brode"; divine cousette;" des arcs-en-ciel à nos chaussettes ?;LE PORNOGRAPHE;3;candidat à vérifier;CNRTL/TLFi ou Dictionnaire de l’Académie française";
LEX-0089;À VOIR;"lorgner;mot;lexique;à déterminer;;À vérifier dans un dictionnaire lexicographique.;;A l'heure du repas"; mes rivaux détestables;" Ont encor ce toupet de lorgner ma portion;LE PORNOGRAPHE;3;candidat à vérifier;CNRTL/TLFi ou Dictionnaire de l’Académie française";
LEX-0090;À VOIR;"éplorée;mot;lexique;à déterminer;;À vérifier dans un dictionnaire lexicographique.;;Quand elle sera veuve éplorée"; veuve éplorée; Après l'avoir bien enterré; bien enterré;";LE PORNOGRAPHE;3;candidat à vérifier;CNRTL/TLFi ou Dictionnaire de l’Académie française";
LEX-0091;À VOIR;"espérance;mot;lexique;à déterminer;;À vérifier dans un dictionnaire lexicographique.;;J'ai l'espérance qu'elle viendra"; Faire sa niche entre mes bras;" entre mes bras.;LE PORNOGRAPHE;1;candidat à vérifier;CNRTL/TLFi ou Dictionnaire de l’Académie française";
LEX-0092;À VOIR;"nectar;mot;lexique;à déterminer;;À vérifier dans un dictionnaire lexicographique.;;Va boire à Passy"; Le nectar d'ici;" Te dépasse.;LE PORNOGRAPHE;3;candidat à vérifier;CNRTL/TLFi ou Dictionnaire de l’Académie française";
LEX-0093;À VOIR;"ingénu;mot;lexique;à déterminer;;À vérifier dans un dictionnaire lexicographique.;;Faut s'lever de bon matin pour voir un ingénu"; Qui n't'ait pas connue;";LE PORNOGRAPHE;3;candidat à vérifier;CNRTL/TLFi ou Dictionnaire de l’Académie française";
LEX-0094;À VOIR;"complainte;mot;lexique;à déterminer;;À vérifier dans un dictionnaire lexicographique.;;Dieu fasse que ma complainte aille"; tambour battant; Lui parler de la pluie;" lui parler du gros temps;LE PORNOGRAPHE;3;candidat à vérifier;CNRTL/TLFi ou Dictionnaire de l’Académie française";
LEX-0095;À VOIR;"infamie;mot;lexique;à déterminer;;À vérifier dans un dictionnaire lexicographique.;;Trouverais-je les noms"; trouverais-je les mots;" Pour noter d'infamie cet enfant de chameau;LE PORNOGRAPHE;2;candidat à vérifier;CNRTL/TLFi ou Dictionnaire de l’Académie française";
LEX-0096;À VOIR;"camarde;mot;lexique;à déterminer;;À vérifier dans un dictionnaire lexicographique.;;Et Dieu fit signe à la camarde";" De l'expédier rue Froidevaux...;LES COPAINS D'ABORD;3;candidat à vérifier;CNRTL/TLFi ou Dictionnaire de l’Académie française";
LEX-0097;À VOIR;"lurette;mot;lexique;à déterminer;;À vérifier dans un dictionnaire lexicographique.;;Voici belle lurette";" en fut le vrai premier.;LES COPAINS D'ABORD;3;candidat à vérifier;CNRTL/TLFi ou Dictionnaire de l’Académie française";
LEX-0098;À VOIR;"indiscrète;mot;lexique;à déterminer;;À vérifier dans un dictionnaire lexicographique.;;Indiscrète"; Pâquerette;" D'où vient-elle ?;LES COPAINS D'ABORD;3;candidat à vérifier;CNRTL/TLFi ou Dictionnaire de l’Académie française";
LEX-0099;À VOIR;"pâquerette;mot;lexique;à déterminer;;À vérifier dans un dictionnaire lexicographique.;;Indiscrète"; Pâquerette;" D'où vient-elle ?;LES COPAINS D'ABORD;3;candidat à vérifier;CNRTL/TLFi ou Dictionnaire de l’Académie française";
LEX-0100;À VOIR;"ambages;mot;lexique;à déterminer;;À vérifier dans un dictionnaire lexicographique.;;Sans ambages"; Dans les pages; Du missel;";LES COPAINS D'ABORD;3;candidat à vérifier;CNRTL/TLFi ou Dictionnaire de l’Académie française";
LEX-0101;À VOIR;"supplique;mot;lexique;à déterminer;;À vérifier dans un dictionnaire lexicographique.;;05 - Supplique pour être enterré sur la plage de Sète_sans_accords;05 - Supplique pour être enterré sur la plage de Sète_sans_accords;3;candidat à vérifier;CNRTL/TLFi ou Dictionnaire de l’Académie française";
LEX-0102;À VOIR;"aïeux;mot;lexique;à déterminer;;À vérifier dans un dictionnaire lexicographique.;;Je serais honteux de mon sang";" Des aïeux de qui je descends;LES COPAINS D'ABORD;3;candidat à vérifier;CNRTL/TLFi ou Dictionnaire de l’Académie française";
LEX-0103;À VOIR;"chaumine;mot;lexique;à déterminer;;À vérifier dans un dictionnaire lexicographique.;;Vers son clocher"; sa chaumine;" Ses parents et sa promise;LES COPAINS D'ABORD;3;candidat à vérifier;CNRTL/TLFi ou Dictionnaire de l’Académie française";
LEX-0104;À VOIR;"viatique;mot;lexique;religieux / littéraire;nom;""Sacrement ou secours spirituel donné à un mourant; au figuré";" ressource emportée pour un voyage."";;Pour offrir à l'ancêtre"; en signe d'affection; En guise de viatique;" une ultime audition (bis);LA NON-DEMANDE EN MARIAGE;3;définition à contrôler;CNRTL/TLFi ou Dictionnaire de l’Académie française";
LEX-0105;À VOIR;"cornette;mot;lexique;à déterminer;;À vérifier dans un dictionnaire lexicographique.;;Tous les cœurs se rallient à sa blanche cornette"; Si le chrétien succombe à son charme insidieux;";LA NON-DEMANDE EN MARIAGE;3;candidat à vérifier;CNRTL/TLFi ou Dictionnaire de l’Académie française";
LEX-0106;À VOIR;"chevet;mot;lexique;à déterminer;;À vérifier dans un dictionnaire lexicographique.;;Ne vous étonnez pas"; ma chère; Si vous trouvez; Les vers de jadis et naguère;" A mon chevet.;DERNIERES CHANSONS PAR J. BERTOLA;1;candidat à vérifier;CNRTL/TLFi ou Dictionnaire de l’Académie française";
LEX-0107;À VOIR;"bélître;mot;lexique;à déterminer;;À vérifier dans un dictionnaire lexicographique.;;On murmure in petto : « C'est un vrai Nicodème"; Un balourd; un bélître;" un bel âne bâté. »;DERNIERES CHANSONS PAR J. BERTOLA;1;candidat à vérifier;CNRTL/TLFi ou Dictionnaire de l’Académie française";
LEX-0108;À VOIR;"béotien;mot;lexique;soutenu / péjoratif;nom/adj.;""Personne ignorante ou peu cultivée dans un domaine; à l’origine";" habitant de Béotie."";;Hélas un béotien à la place du sien";" lui proposa son blase;DERNIERES CHANSONS PAR J. BERTOLA;1;définition à contrôler;CNRTL/TLFi ou Dictionnaire de l’Académie française";
LEX-0109;À VOIR;"jobastre;mot;lexique;populaire;nom/adj.;""Personne extravagante";" maladroite ou stupide; terme populaire."";;Si le sieur Z était un jobastre sans grade";" Il laisserait en paix ses pauvres camarades.;DERNIERES CHANSONS PAR J. BERTOLA;1;définition à contrôler;CNRTL/TLFi ou Dictionnaire de l’Académie française";
LEX-0110;À VOIR;"matamore;mot;lexique;littéraire / péjoratif;nom;Fanfaron";" vantard qui se donne des airs de héros.;;Mais il est général"; va-t-en-guerre; matamore. Dès qu'il s'en mêle;" on compte les morts.;DERNIERES CHANSONS PAR J. BERTOLA;1;définition à contrôler;CNRTL/TLFi ou Dictionnaire de l’Académie française";
LEX-0111;À VOIR;"pétaudière;mot;lexique;littéraire;nom;Lieu ou assemblée où règnent le désordre et la confusion.;;En mélangeant les genres"; vous avez fait d'la terre;" Ce qu'elle est : une pétaudière !;DERNIERES CHANSONS PAR J. BERTOLA;1;définition vérifiée/normalisée;CNRTL/TLFi ou Dictionnaire de l’Académie française";
LEX-0112;À VOIR;"rogaton;mot;lexique;familier / vieilli;nom;""Objet sans valeur";" petit reste ou écrit insignifiant; anciennement";" reste de nourriture."";;Sans laisser même un rogaton"; Tout il croque;" tout il digère.;DERNIERES CHANSONS PAR J. BERTOLA;1;définition vérifiée/normalisée;CNRTL/TLFi ou Dictionnaire de l’Académie française";
LEX-0113;À VOIR;"gourgandines;mot;lexique;à déterminer;;À vérifier dans un dictionnaire lexicographique.;;Mais s'il attrape une ondine"; L'une de ces gourgandines; Femme mi-chair mi-poisson;" Le polisson;DERNIERES CHANSONS PAR J. BERTOLA;1;candidat à vérifier;CNRTL/TLFi ou Dictionnaire de l’Académie française";
LEX-0114;À VOIR;"jouvenceau;mot;lexique;littéraire / vieilli;nom;Jeune homme";" garçon encore très jeune.;;Depuis que je commence à faire de vieux os"; Avide de conseils;" souvent un jouvenceau;DERNIERES CHANSONS PAR J. BERTOLA;1;définition à contrôler;CNRTL/TLFi ou Dictionnaire de l’Académie française";
LEX-0115;À VOIR;"patibulaire;mot;lexique;courant / péjoratif;adj.;Qui a une apparence inquiétante";" suspecte ou peu rassurante.;;Je serais mort"; jambes en l'air; Sur la veuve patibulaire;";LA NON-DEMANDE EN MARIAGE;1;définition à contrôler;CNRTL/TLFi ou Dictionnaire de l’Académie française";
LEX-0116;À VOIR;"callipyge;mot;lexique;soutenu / plaisant;adj.;Qui a de belles fesses";" bien proportionnées.;;VENUS CALLIPYGE;SUPPLIQUE POUR ETRE ENTERRE SUR LA PLAGE DE SETE;3;définition à contrôler;CNRTL/TLFi ou Dictionnaire de l’Académie française";
LEX-0117;À VOIR;"gentilhommière;mot;lexique;littéraire;nom;Petite demeure de campagne appartenant à un gentilhomme.;;Je changerais ma chaumière";" Pour une gentilhommière;LES COPAINS D'ABORD;1;définition à contrôler;CNRTL/TLFi ou Dictionnaire de l’Académie française";
LEX-0118;À VOIR;"gentilhommières;mot;lexique;à déterminer;;À vérifier dans un dictionnaire lexicographique.;;Où le septième ciel"; ma plus chère ballade; Ma plus douce grimpette et plus tendre escalade; Sera trop haut pour moi. Il n'y aura pas de pleurs dans les gentilhommières; Ni de grincements de fesses dans les chaumières;" Faut pas que je me leurre.;DERNIERES CHANSONS PAR J. BERTOLA;1;candidat à vérifier;CNRTL/TLFi ou Dictionnaire de l’Académie française";
LEX-0119;À VOIR;"halieutique;mot;lexique;technique;adj.;Relatif à la pêche";" notamment à la pêche maritime.;;On dirait un fanatique"; De la cause halieutique; Avec sa belle canne et;" Son moulinet.;DERNIERES CHANSONS PAR J. BERTOLA;1;définition à contrôler;CNRTL/TLFi ou Dictionnaire de l’Académie française";
LEX-0120;À VOIR;"fretin;mot;lexique;courant / figuré;nom;""Petit poisson; au figuré";" personnes ou choses de peu d’importance."";;Mais s'il pêche"; c'est pour rire; Et l'on peut être certain; Que jamais sa poêle à frire;" Vit le plus menu fretin.;DERNIERES CHANSONS PAR J. BERTOLA;1;définition à contrôler;CNRTL/TLFi ou Dictionnaire de l’Académie française";
LEX-0121;À VOIR;"goujon;mot;lexique;à déterminer;;À vérifier dans un dictionnaire lexicographique.;;Quand un goujon le taquine"; Qu'un gardon d'humeur coquine; Se laisse pour badiner; Hameçonner;";DERNIERES CHANSONS PAR J. BERTOLA;1;candidat à vérifier;CNRTL/TLFi ou Dictionnaire de l’Académie française";
LEX-0122;À VOIR;"gardon;mot;lexique;à déterminer;;À vérifier dans un dictionnaire lexicographique.;;Quand un goujon le taquine"; Qu'un gardon d'humeur coquine; Se laisse pour badiner; Hameçonner;";DERNIERES CHANSONS PAR J. BERTOLA;1;candidat à vérifier;CNRTL/TLFi ou Dictionnaire de l’Académie française";
LEX-0123;À VOIR;"hameçonner;mot;lexique;à déterminer;;À vérifier dans un dictionnaire lexicographique.;;Quand un goujon le taquine"; Qu'un gardon d'humeur coquine; Se laisse pour badiner; Hameçonner;";DERNIERES CHANSONS PAR J. BERTOLA;1;candidat à vérifier;CNRTL/TLFi ou Dictionnaire de l’Académie française";
LEX-0124;À VOIR;"maritornes;mot;lexique;littéraire / péjoratif;nom;""Femmes grossières ou peu séduisantes; par référence au personnage de Maritorne dans Don Quichotte."";;Un truc"; un moyen plausible; De fuir un peu son chez-soi; Où sévit la plus nuisible;" Des maritornes qui soient.;DERNIERES CHANSONS PAR J. BERTOLA;1;définition à contrôler;CNRTL/TLFi ou Dictionnaire de l’Académie française";
LEX-0125;À VOIR;"pécore;mot;lexique;à déterminer;;À vérifier dans un dictionnaire lexicographique.;;Fils de pécore et de minus";" Ris par de la pauvre Vénus;LES COPAINS D'ABORD;2;candidat à vérifier;CNRTL/TLFi ou Dictionnaire de l’Académie française";
LEX-0126;À VOIR;"couillonnades;mot;lexique;à déterminer;;À vérifier dans un dictionnaire lexicographique.;;Soit dit sans couillonnades avait le nom d'un ad-jectif démonstratif;DERNIERES CHANSONS PAR J. BERTOLA;1;candidat à vérifier;CNRTL/TLFi ou Dictionnaire de l’Académie française";
LEX-0127;À VOIR;"vertudieux;mot;lexique;ironique / rare;adj.;Qui affecte ou manifeste une vertu morale ostentatoire.;;Tous les Bon Dieu"; Tous les vertudieux;" Tonnerre de Brest et saperlipopette;LE PORNOGRAPHE;2;définition à contrôler;CNRTL/TLFi ou Dictionnaire de l’Académie française";
LEX-0128;À VOIR;"jarnibleus;mot;lexique;à déterminer;;À vérifier dans un dictionnaire lexicographique.;;Ainsi"; parbleu; que les jarnibleus;" Et les palsambleus;LE PORNOGRAPHE;2;candidat à vérifier;CNRTL/TLFi ou Dictionnaire de l’Académie française";
LEX-0129;À VOIR;"palsambleus;mot;lexique;à déterminer;;À vérifier dans un dictionnaire lexicographique.;;Ainsi"; parbleu; que les jarnibleus;" Et les palsambleus;LE PORNOGRAPHE;2;candidat à vérifier;CNRTL/TLFi ou Dictionnaire de l’Académie française";
LEX-0130;À VOIR;"cornegidouilles;mot;lexique;à déterminer;;À vérifier dans un dictionnaire lexicographique.;;Tous les morbleus"; tous les ventrebleus;" Les sacrebleus et les cornegidouilles;LE PORNOGRAPHE;2;candidat à vérifier;CNRTL/TLFi ou Dictionnaire de l’Académie française";
LEX-0131;À VOIR;"sacrebleu;mot;lexique;à déterminer;;À vérifier dans un dictionnaire lexicographique.;;Bande à part";" sacrebleu ! c'est ma règle et j'y tiens. Dans les noms des partants on n'verra pas le mien.;SUPPLIQUE POUR ETRE ENTERRE SUR LA PLAGE DE SETE;6;candidat à vérifier;CNRTL/TLFi ou Dictionnaire de l’Académie française";
LEX-0132;À VOIR;"ventrebleu;mot;lexique;à déterminer;;À vérifier dans un dictionnaire lexicographique.;;Avec qui"; ventrebleu; faut-il que je couche;" Pour faire parler un peu la déesse aux cent bouches;LES COPAINS D'ABORD;1;candidat à vérifier;CNRTL/TLFi ou Dictionnaire de l’Académie française";
LEX-0133;À VOIR;"jarnicotons;mot;lexique;plaisant;interj.;Juron fantaisiste";" variation populaire de jurons anciens.;;Sans oublier les jarnicotons";" Les scrogneugneus et les bigres et les bougres;LE PORNOGRAPHE;2;définition à contrôler;CNRTL/TLFi ou Dictionnaire de l’Académie française";
LEX-0134;À VOIR;"naturalibus;mot;lexique;latinisme / plaisant;locution;Nu"; sans vêtements;" dans l’expression « in naturalibus ».;;Qui'est-ce qui veut m'laisser faire"; in naturalibus;" Un p'tit peu d'alpinisme sur son mont de Vénus;LES COPAINS D'ABORD;1;définition à contrôler;CNRTL/TLFi ou Dictionnaire de l’Académie française";
LEX-0135;À VOIR;"morpionibus;mot;lexique;plaisant;locution;Formule latinisante et fantaisiste utilisée comme jeu verbal autour du mot « morpion ».;;Et quand il y alla de ses De Profondis";" L'enfant de cœur répliqua pas morpionibus;LES COPAINS D'ABORD;1;définition à contrôler;CNRTL/TLFi ou Dictionnaire de l’Académie française";
LEX-0136;À VOIR;"billes;mot;lexique;à déterminer;;À vérifier dans un dictionnaire lexicographique.;;Mais se pendait à mon cou";" Quand j'perdais mes billes;AUPRES DE MON ARBRE;1;candidat à vérifier;CNRTL/TLFi ou Dictionnaire de l’Académie française";
LEX-0137;À VOIR;"billevesées;mot;lexique;à déterminer;;À vérifier dans un dictionnaire lexicographique.;;Et les billevesées de tous les répertoires"; Et les morts pour que naisse un avenir plus beau;";DERNIERES CHANSONS PAR J. BERTOLA;1;candidat à vérifier;CNRTL/TLFi ou Dictionnaire de l’Académie française";
LEX-0138;À VOIR;"métempsycose;mot;lexique;philosophie / religieux;nom;Passage de l’âme d’un corps dans un autre après la mort.;;Métamorphose inouïe"; métempsycose infâme; Les joies charnelles me perdent;";DERNIERES CHANSONS PAR J. BERTOLA;1;définition à contrôler;CNRTL/TLFi ou Dictionnaire de l’Académie française";
LEX-0139;À VOIR;"danaïdes;mot;lexique;à déterminer;;À vérifier dans un dictionnaire lexicographique.;;C'est le tonneau des Danaïdes changé en femme";" Les joies charnelles m'emmerdent. {2x};DERNIERES CHANSONS PAR J. BERTOLA;1;candidat à vérifier;CNRTL/TLFi ou Dictionnaire de l’Académie française";
LEX-0140;À VOIR;"roulure;mot;lexique;familier / péjoratif;nom;""Personne méprisable ou débauchée; terme insultant."";;Pénélope est une roulure à côté d'elle";" Les joies charnelles m'emmerdent. {2x};DERNIERES CHANSONS PAR J. BERTOLA;1;définition à contrôler;CNRTL/TLFi ou Dictionnaire de l’Académie française";
LEX-0141;À VOIR;"gratouillant;mot;lexique;à déterminer;;À vérifier dans un dictionnaire lexicographique.;;Et faisait voltiger en gratouillant les cordes";" Des notes de musiques à l'entour de vos cornes. Mais il sera trop tard !;DERNIERES CHANSONS PAR J. BERTOLA;1;candidat à vérifier;CNRTL/TLFi ou Dictionnaire de l’Académie française";
LEX-0142;À VOIR;"teuton;mot;lexique;familier / péjoratif;adj./nom;Allemand"; en emploi familier ou péjoratif;" par référence aux anciens Teutons.;;Il conquit un oriflamme teuton. Cet acte lui valut le grand cordon.;DERNIERES CHANSONS PAR J. BERTOLA;1;définition à contrôler;CNRTL/TLFi ou Dictionnaire de l’Académie française";
LEX-0143;À VOIR;"oriflamme;mot;lexique;historique / littéraire;nom;""Bannière ou étendard";" notamment historique; au figuré";" symbole ou signe de ralliement."";;Il conquit un oriflamme teuton. Cet acte lui valut le grand cordon.;DERNIERES CHANSONS PAR J. BERTOLA;1;définition à contrôler;CNRTL/TLFi ou Dictionnaire de l’Académie française";
LEX-0144;À VOIR;"dandys;mot;lexique;à déterminer;;À vérifier dans un dictionnaire lexicographique.;;Tous les Brummel"; les dandys; les gandins;" il les considérait avec dédain;DERNIERES CHANSONS PAR J. BERTOLA;1;candidat à vérifier;CNRTL/TLFi ou Dictionnaire de l’Académie française";
LEX-0145;À VOIR;"gandins;mot;lexique;à déterminer;;À vérifier dans un dictionnaire lexicographique.;;Tous les Brummel"; les dandys; les gandins;" il les considérait avec dédain;DERNIERES CHANSONS PAR J. BERTOLA;1;candidat à vérifier;CNRTL/TLFi ou Dictionnaire de l’Académie française";
LEX-0146;À VOIR;"brummel;mot;lexique;à déterminer;;À vérifier dans un dictionnaire lexicographique.;;Tous les Brummel"; les dandys; les gandins;" il les considérait avec dédain;DERNIERES CHANSONS PAR J. BERTOLA;1;candidat à vérifier;CNRTL/TLFi ou Dictionnaire de l’Académie française";
LEX-0147;À VOIR;"peloteur;mot;lexique;familier / péjoratif;nom;Personne qui cherche à caresser ou à toucher quelqu’un de manière importune.;;Grand peloteur de fesses convaincu"; passé maître en l'art de la main au cul;";DERNIERES CHANSONS PAR J. BERTOLA;1;définition à contrôler;CNRTL/TLFi ou Dictionnaire de l’Académie française";
LEX-0148;À VOIR;"valseur;mot;lexique;à déterminer;;À vérifier dans un dictionnaire lexicographique.;;""La louche au valseur; pas de ça Lisette ! La légion d'honneur ça pardonne pas."";DERNIERES CHANSONS PAR J. BERTOLA;1;candidat à vérifier;CNRTL/TLFi ou Dictionnaire de l’Académie française";
LEX-0149;À VOIR;"malotru;mot;lexique;péjoratif / vieilli;nom/adj.;""Personne grossière dans ses manières; grossier";" mal élevé."";;Un brave auteur de chansons malotru"; avait une tendance à parler cru;";DERNIERES CHANSONS PAR J. BERTOLA;1;définition vérifiée/normalisée;CNRTL/TLFi ou Dictionnaire de l’Académie française";
LEX-0150;À VOIR;"caetera;mot;lexique;à déterminer;;À vérifier dans un dictionnaire lexicographique.;;Bordel de dieu"; con; pute; et caetera;" ornaient ses moindres tradérideras.;DERNIERES CHANSONS PAR J. BERTOLA;1;candidat à vérifier;CNRTL/TLFi ou Dictionnaire de l’Académie française";
LEX-0151;À VOIR;"rengaine;mot;lexique;à déterminer;;À vérifier dans un dictionnaire lexicographique.;;Une rengaine sans gros mots dedans";" on vous le chamarra tambour battant.;DERNIERES CHANSONS PAR J. BERTOLA;1;candidat à vérifier;CNRTL/TLFi ou Dictionnaire de l’Académie française";
LEX-0152;À VOIR;"gibus;mot;lexique;à déterminer;;À vérifier dans un dictionnaire lexicographique.;;J'ai des velléités d'arpenter les trottoir(e)s";" Avec cette devise écrite à mon gibus :;DERNIERES CHANSONS PAR J. BERTOLA;1;candidat à vérifier;CNRTL/TLFi ou Dictionnaire de l’Académie française";
LEX-0153;À VOIR;"goualante;mot;lexique;populaire / argotique;nom;Chanson populaire";" souvent d’argot ou de rue.;;Poussant une autre goualante y'aurait à ma place un autre cabot;DERNIERES CHANSONS PAR J. BERTOLA;1;définition vérifiée/normalisée;CNRTL/TLFi ou Dictionnaire de l’Académie française";
LEX-0154;À VOIR;"vocables;mot;lexique;soutenu;nom;Mots";" termes ou expressions considérés sous leur aspect lexical.;;Brillait par son absence un des pires vocables;DERNIERES CHANSONS PAR J. BERTOLA;1;définition à contrôler;CNRTL/TLFi ou Dictionnaire de l’Académie française";
LEX-0155;À VOIR;"lacune;mot;lexique;à déterminer;;À vérifier dans un dictionnaire lexicographique.;;C'est : « enculé ». Lacune comblée.;DERNIERES CHANSONS PAR J. BERTOLA;1;candidat à vérifier;CNRTL/TLFi ou Dictionnaire de l’Académie française";
LEX-0156;À VOIR;"lapidaire;mot;lexique;soutenu;adj.;""Très concis";" réduit à l’essentiel; relatif aussi à la taille ou au commerce des pierres."";;Ils gravent sur mon mur en style lapidaire : « Ici loge un vieux bouc qui n'a plus d'érections ! » Ils sont prématurés"; tous ces cris de victoire; Ô vous qui me plantez la corne dans le dos;";DERNIERES CHANSONS PAR J. BERTOLA;1;définition à contrôler;CNRTL/TLFi ou Dictionnaire de l’Académie française";
LEX-0157;À VOIR;"réquisitoire;mot;lexique;à déterminer;;À vérifier dans un dictionnaire lexicographique.;;Fatigué de souffrir leur long réquisitoire;DERNIERES CHANSONS PAR J. BERTOLA;1;candidat à vérifier;CNRTL/TLFi ou Dictionnaire de l’Académie française";
LEX-0158;À VOIR;"phallocrate;mot;lexique;à déterminer;;À vérifier dans un dictionnaire lexicographique.;;Quand on veut les trousser"; on est un phallocrate;";DERNIERES CHANSONS PAR J. BERTOLA;1;candidat à vérifier;CNRTL/TLFi ou Dictionnaire de l’Académie française";
LEX-0159;À VOIR;"onaniste;mot;lexique;à déterminer;;À vérifier dans un dictionnaire lexicographique.;;La moitié des messieurs brûle d'être onaniste";";DERNIERES CHANSONS PAR J. BERTOLA;1;candidat à vérifier;CNRTL/TLFi ou Dictionnaire de l’Académie française";
LEX-0160;À VOIR;"suffragettes;mot;lexique;à déterminer;;À vérifier dans un dictionnaire lexicographique.;;A force d'être en butte au tir des suffragettes;DERNIERES CHANSONS PAR J. BERTOLA;1;candidat à vérifier;CNRTL/TLFi ou Dictionnaire de l’Académie française";
LEX-0161;À VOIR;"émule;mot;lexique;à déterminer;;À vérifier dans un dictionnaire lexicographique.;;Quand on ne le veut point"; un émule de Socrate;";DERNIERES CHANSONS PAR J. BERTOLA;1;candidat à vérifier;CNRTL/TLFi ou Dictionnaire de l’Académie française";
LEX-0162;À VOIR;"grégeois;mot;lexique;à déterminer;;À vérifier dans un dictionnaire lexicographique.;;Et l'Espagne flambait dans un grand feu grégeois. Je chantais";" et j'étais pas le seul « Y a d'la joie ».;DERNIERES CHANSONS PAR J. BERTOLA;1;candidat à vérifier;CNRTL/TLFi ou Dictionnaire de l’Académie française";
LEX-0163;À VOIR;"populo;mot;lexique;à déterminer;;À vérifier dans un dictionnaire lexicographique.;;A qui fera-t-on croire que le bon populo"; quand il chante quand même;" est un parfait salaud ?;DERNIERES CHANSONS PAR J. BERTOLA;1;candidat à vérifier;CNRTL/TLFi ou Dictionnaire de l’Académie française";
LEX-0164;À VOIR;"ritournelles;mot;lexique;à déterminer;;À vérifier dans un dictionnaire lexicographique.;;Le feu de la ville éternelle est éternel. Si Dieu veut l'incendie";" il veut les ritournelles.;DERNIERES CHANSONS PAR J. BERTOLA;1;candidat à vérifier;CNRTL/TLFi ou Dictionnaire de l’Académie française";
LEX-0165;À VOIR;"infortuné;mot;lexique;à déterminer;;À vérifier dans un dictionnaire lexicographique.;;Ou un infortuné bâtard";" Ça nous pend au nez tôt ou tard.;DERNIERES CHANSONS PAR J. BERTOLA;1;candidat à vérifier;CNRTL/TLFi ou Dictionnaire de l’Académie française";
LEX-0166;À VOIR;"affliction;mot;lexique;à déterminer;;À vérifier dans un dictionnaire lexicographique.;;Disons que dans son affliction";" Il trouve des compensations.;DERNIERES CHANSONS PAR J. BERTOLA;1;candidat à vérifier;CNRTL/TLFi ou Dictionnaire de l’Académie française";
LEX-0167;À VOIR;"navrance;mot;lexique;littéraire / rare;nom;État de grande tristesse";" de désolation ou de découragement.;;On lirait quelle navrance mon blase inconnu dans un ex-voto;DERNIERES CHANSONS PAR J. BERTOLA;1;définition à contrôler;CNRTL/TLFi ou Dictionnaire de l’Académie française";
LEX-0168;À VOIR;"exutoires;mot;lexique;à déterminer;;À vérifier dans un dictionnaire lexicographique.;;Le bagne"; l'échafaud entre autres exutoires; Et l'efficacité de la peine de mort;";DERNIERES CHANSONS PAR J. BERTOLA;1;candidat à vérifier;CNRTL/TLFi ou Dictionnaire de l’Académie française";
LEX-0169;À VOIR;"coulpe;mot;lexique;littéraire / religieux;nom;Faute ou culpabilité";" surtout dans « battre sa coulpe ».;;Le criminel saisi d'un zèle expiatoire"; Qui bat sa coulpe bourrelé par le remords;";DERNIERES CHANSONS PAR J. BERTOLA;1;définition à contrôler;CNRTL/TLFi ou Dictionnaire de l’Académie française";
LEX-0170;À VOIR;"bourrelé;mot;lexique;littéraire;adj.;Qui est tourmenté ou accablé par un sentiment";" notamment le remords.;;Le criminel saisi d'un zèle expiatoire"; Qui bat sa coulpe bourrelé par le remords;";DERNIERES CHANSONS PAR J. BERTOLA;1;définition à contrôler;CNRTL/TLFi ou Dictionnaire de l’Académie française";
LEX-0171;À VOIR;"oraisons;mot;lexique;à déterminer;;À vérifier dans un dictionnaire lexicographique.;;Sur les tombeaux les oraisons déclamatoires"; Les : « C'était un bon fils; bon père; bon mari »;";DERNIERES CHANSONS PAR J. BERTOLA;1;candidat à vérifier;CNRTL/TLFi ou Dictionnaire de l’Académie française";
LEX-0172;À VOIR;"méritoire;mot;lexique;à déterminer;;À vérifier dans un dictionnaire lexicographique.;;« Le meilleur d'entre nous et le plus méritoire »"; « Un saint homme; un cœur d'or;" un bel et noble esprit »;DERNIERES CHANSONS PAR J. BERTOLA;1;candidat à vérifier;CNRTL/TLFi ou Dictionnaire de l’Académie française";
LEX-0173;À VOIR;"transcendant;mot;lexique;à déterminer;;À vérifier dans un dictionnaire lexicographique.;;Taisons-le";" j'aurais bonne mine. Il me paraît plus transcendant;DERNIERES CHANSONS PAR J. BERTOLA;1;candidat à vérifier;CNRTL/TLFi ou Dictionnaire de l’Académie française";
LEX-0174;À VOIR;"désempoissonnée;mot;lexique;à déterminer;;À vérifier dans un dictionnaire lexicographique.;;Le crêpe à la queue sans doute"; L'escorteront chagrinés; Laissant la rivière toute; Vide;" désempoissonnée.;DERNIERES CHANSONS PAR J. BERTOLA;1;candidat à vérifier;CNRTL/TLFi ou Dictionnaire de l’Académie française";
LEX-0175;À VOIR;"épuisettes;mot;lexique;à déterminer;;À vérifier dans un dictionnaire lexicographique.;;Lors"; tombés dans la disette; Repliant leurs épuisettes; Tout penauds; tout pleurnicheurs;" Les vrais pêcheurs;DERNIERES CHANSONS PAR J. BERTOLA;1;candidat à vérifier;CNRTL/TLFi ou Dictionnaire de l’Académie française";
LEX-0176;À VOIR;"pleurnicheurs;mot;lexique;à déterminer;;À vérifier dans un dictionnaire lexicographique.;;Lors"; tombés dans la disette; Repliant leurs épuisettes; Tout penauds; tout pleurnicheurs;" Les vrais pêcheurs;DERNIERES CHANSONS PAR J. BERTOLA;1;candidat à vérifier;CNRTL/TLFi ou Dictionnaire de l’Académie française";
LEX-0177;À VOIR;"bredouilles;mot;lexique;à déterminer;;À vérifier dans un dictionnaire lexicographique.;;Rentreront chez eux bredouilles"; Danser devant le buffet; Se faisant traiter d'andouilles;" Par leur compagne. Bien fait !;DERNIERES CHANSONS PAR J. BERTOLA;1;candidat à vérifier;CNRTL/TLFi ou Dictionnaire de l’Académie française";
LEX-0178;À VOIR;"bibine;mot;lexique;familier;nom;Bière"; généralement bon marché;" dans un emploi populaire.;;L'éponge trempée dans Dieu sait quelle bibine";";DERNIERES CHANSONS PAR J. BERTOLA;1;définition à contrôler;CNRTL/TLFi ou Dictionnaire de l’Académie française";
LEX-0179;À VOIR;"tarabuste;mot;lexique;à déterminer;;À vérifier dans un dictionnaire lexicographique.;;C'est très inconfortable et ça vous tarabuste";";DERNIERES CHANSONS PAR J. BERTOLA;1;candidat à vérifier;CNRTL/TLFi ou Dictionnaire de l’Académie française";
LEX-0180;À VOIR;"pimpant;mot;lexique;familier;adj.;Joli"; bien mis;" élégant ou plein de vivacité.;;Et tout pimpant"; tout satisfait;" Prit la clef du champ de navets.;DERNIERES CHANSONS PAR J. BERTOLA;1;définition à contrôler;CNRTL/TLFi ou Dictionnaire de l’Académie française";
LEX-0181;À VOIR;"transi;mot;lexique;à déterminer;;À vérifier dans un dictionnaire lexicographique.;;Malheureux"; poussiéreux; transi;" Chante : « Ah ! ce qu'on s'emmerde ici » !;DERNIERES CHANSONS PAR J. BERTOLA;1;candidat à vérifier;CNRTL/TLFi ou Dictionnaire de l’Académie française";
LEX-0182;À VOIR;"crottin;mot;lexique;à déterminer;;À vérifier dans un dictionnaire lexicographique.;;D'voir leurs héritiers marrons marcher dans le crottin;LE PORNOGRAPHE;2;candidat à vérifier;CNRTL/TLFi ou Dictionnaire de l’Académie française";
LEX-0183;À VOIR;"vauvert;mot;lexique;historique;nom propre / locution;""Nom historique du Val-de-Green; présent dans l’expression « au diable Vauvert »."";;Emportent les trépassés jusqu'au diable vauvert;LE PORNOGRAPHE;2;définition à contrôler;CNRTL/TLFi ou Dictionnaire de l’Académie française";
LEX-0184;À VOIR;"obsèques;mot;lexique;soutenu;nom;Cérémonies funèbres accompagnant les funérailles.;;Plutôt qu'd'avoir des obsèques manquant de fioritures;LE PORNOGRAPHE;2;définition à contrôler;CNRTL/TLFi ou Dictionnaire de l’Académie française";
LEX-0185;À VOIR;"sépulture;mot;lexique;à déterminer;;À vérifier dans un dictionnaire lexicographique.;;J'aim'rais mieux"; tout compte fait;" m'passer de sépulture;LE PORNOGRAPHE;2;candidat à vérifier;CNRTL/TLFi ou Dictionnaire de l’Académie française";
LEX-0186;À VOIR;"gosier;mot;lexique;littéraire / familier;nom;Gorge";" notamment dans un registre imagé ou familier.;;Mais si t'as l'gosier"; Qu'une armure d'acier; Matelasse;";LE PORNOGRAPHE;1;définition à contrôler;CNRTL/TLFi ou Dictionnaire de l’Académie française";
LEX-0187;À VOIR;"palper;mot;lexique;à déterminer;;À vérifier dans un dictionnaire lexicographique.;;En vue de la palper d'un geste obscène";" il a plongé pour sauver de la Seine;DERNIERES CHANSONS PAR J. BERTOLA;1;candidat à vérifier;CNRTL/TLFi ou Dictionnaire de l’Académie française";
LEX-0188;À VOIR;"pourceau;mot;lexique;à déterminer;;À vérifier dans un dictionnaire lexicographique.;;Que le fameux cochon"; le pourceau d'Epicure; Qui sommeillait en moi ne s'éveillera plus. Ils me croient interdit de séjour à Cythère; Et; par les nuits sans lune avec jubilation;";DERNIERES CHANSONS PAR J. BERTOLA;1;candidat à vérifier;CNRTL/TLFi ou Dictionnaire de l’Académie française";
LEX-0189;À VOIR;"priape;mot;lexique;à déterminer;;À vérifier dans un dictionnaire lexicographique.;;Peu de chances qu'on voie mes belles odalisques"; Déposer en grand deuil au pied de l'obélisque; Quelques gerbes de fleurs. Tout au plus gentiment diront-elles : « Peuchère; Le vieux Priape est mort »; et; la cuisse légère; Le regard alangui;";DERNIERES CHANSONS PAR J. BERTOLA;1;candidat à vérifier;CNRTL/TLFi ou Dictionnaire de l’Académie française";
LEX-0190;À VOIR;"alangui;mot;lexique;à déterminer;;À vérifier dans un dictionnaire lexicographique.;;Peu de chances qu'on voie mes belles odalisques"; Déposer en grand deuil au pied de l'obélisque; Quelques gerbes de fleurs. Tout au plus gentiment diront-elles : « Peuchère; Le vieux Priape est mort »; et; la cuisse légère; Le regard alangui;";DERNIERES CHANSONS PAR J. BERTOLA;1;candidat à vérifier;CNRTL/TLFi ou Dictionnaire de l’Académie française";
LEX-0191;À VOIR;"séguedille;mot;lexique;musique / danse;nom;Danse et chant espagnols d’origine populaire";" à rythme vif.;;Un pied pour la séguedille"; un pied pour;" La gaie tarentelle.;DERNIERES CHANSONS PAR J. BERTOLA;1;définition à contrôler;CNRTL/TLFi ou Dictionnaire de l’Académie française";
LEX-0192;À VOIR;"pastourelle;mot;lexique;littéraire / médiéval;nom;""Petit poème ou chanson médiévale mettant en scène un berger ou une bergère; par extension";" genre pastoral."";;Et là-dessus le Corydon"; Le promis de la pastourelle;";DERNIERES CHANSONS PAR J. BERTOLA;1;définition à contrôler;CNRTL/TLFi ou Dictionnaire de l’Académie française";
LEX-0193;À VOIR;"goton;mot;lexique;populaire / vieilli;nom;""Femme ou fille de condition modeste; nom populaire et vieilli."";;Et plus belle d'une goton. Dieu"; s'il existe; il exagère;";DERNIERES CHANSONS PAR J. BERTOLA;1;définition à contrôler;CNRTL/TLFi ou Dictionnaire de l’Académie française";
LEX-0194;À VOIR;"languedo;mot;lexique;à déterminer;;À vérifier dans un dictionnaire lexicographique.;;Dans les années quarante où je débarquais de mon Languedo;DERNIERES CHANSONS PAR J. BERTOLA;1;candidat à vérifier;CNRTL/TLFi ou Dictionnaire de l’Académie française";
LEX-0195;À VOIR;"hottentots;mot;lexique;à déterminer;;À vérifier dans un dictionnaire lexicographique.;;Callipyge à prétendre jouer les Vénus chez les Hottentots;DERNIERES CHANSONS PAR J. BERTOLA;1;candidat à vérifier;CNRTL/TLFi ou Dictionnaire de l’Académie française";
LEX-0196;À VOIR;"subito;mot;lexique;à déterminer;;À vérifier dans un dictionnaire lexicographique.;;La souris grise se fâche"; et subito presto;" entre la rue Didot et la rue de Vanves;DERNIERES CHANSONS PAR J. BERTOLA;1;candidat à vérifier;CNRTL/TLFi ou Dictionnaire de l’Académie française";
LEX-0197;À VOIR;"sbires;mot;lexique;à déterminer;;À vérifier dans un dictionnaire lexicographique.;;Deux sbires sont venus"; avec leur noirs manteaux;" entre la rue Didot et la rue de Vanves;DERNIERES CHANSONS PAR J. BERTOLA;1;candidat à vérifier;CNRTL/TLFi ou Dictionnaire de l’Académie française";
LEX-0198;À VOIR;"branque;mot;lexique;à déterminer;;À vérifier dans un dictionnaire lexicographique.;;Qu'ils aient comme ce branque compté la musique pour moins que zéro;DERNIERES CHANSONS PAR J. BERTOLA;1;candidat à vérifier;CNRTL/TLFi ou Dictionnaire de l’Académie française";
LEX-0199;À VOIR;"tréteaux;mot;lexique;à déterminer;;À vérifier dans un dictionnaire lexicographique.;;Au théâtre ce soir"; ici sur ces tréteaux;" entre la rue Didot et la rue de Vanves;DERNIERES CHANSONS PAR J. BERTOLA;1;candidat à vérifier;CNRTL/TLFi ou Dictionnaire de l’Académie française";
LEX-0200;À VOIR;"fêtard;mot;lexique;à déterminer;;À vérifier dans un dictionnaire lexicographique.;;L'âme du bon feu maistre Jehan Cotart";" se réincarnait chez ce vieux fêtard.;DERNIERES CHANSONS PAR J. BERTOLA;1;candidat à vérifier;CNRTL/TLFi ou Dictionnaire de l’Académie française";
LEX-0201;À VOIR;"pissotant;mot;lexique;à déterminer;;À vérifier dans un dictionnaire lexicographique.;;Un soir d'intempérance"; à son insu;" il éteignit en pissotant dessus;DERNIERES CHANSONS PAR J. BERTOLA;1;candidat à vérifier;CNRTL/TLFi ou Dictionnaire de l’Académie française";
LEX-0202;À VOIR;"cotart;mot;lexique;à déterminer;;À vérifier dans un dictionnaire lexicographique.;;L'âme du bon feu maistre Jehan Cotart";" se réincarnait chez ce vieux fêtard.;DERNIERES CHANSONS PAR J. BERTOLA;1;candidat à vérifier;CNRTL/TLFi ou Dictionnaire de l’Académie française";
LEX-0203;À VOIR;"abondamment;mot;lexique;à déterminer;;À vérifier dans un dictionnaire lexicographique.;;Et je propose qu'on achète";" Un cierge abondamment béni;TEMPETE DANS UN BENITIER;1;candidat à vérifier;CNRTL/TLFi ou Dictionnaire de l’Académie française";
LEX-0204;À VOIR;"abondance;mot;lexique;à déterminer;;À vérifier dans un dictionnaire lexicographique.;;J'ai des tombeaux en abondance"; Des sépultures à discrétion;";LES COPAINS D'ABORD;1;candidat à vérifier;CNRTL/TLFi ou Dictionnaire de l’Académie française";
LEX-0205;À VOIR;"absolument;mot;lexique;à déterminer;;À vérifier dans un dictionnaire lexicographique.;;Misogyne à coup sûr asexué sans doute";" Aux charmes de Vénus absolument rétif;MOURIR POUR DES IDEES;1;candidat à vérifier;CNRTL/TLFi ou Dictionnaire de l’Académie française";
LEX-0206;À VOIR;"ailleurs;mot;lexique;à déterminer;;À vérifier dans un dictionnaire lexicographique.;;Mais ça m'tracasse et d'ailleurs";" J'les enterre à contrecœur;LA MAUVAISE RÉPUTATION;9;candidat à vérifier;CNRTL/TLFi ou Dictionnaire de l’Académie française";
LEX-0207;À VOIR;"alcoolique;mot;lexique;à déterminer;;À vérifier dans un dictionnaire lexicographique.;;Mais les dieux ne répondent plus pour les ivrognes. Bacchus est alcoolique";" et le grand Pan est mort.;SUPPLIQUE POUR ETRE ENTERRE SUR LA PLAGE DE SETE;1;candidat à vérifier;CNRTL/TLFi ou Dictionnaire de l’Académie française";
LEX-0208;À VOIR;"amourette;mot;lexique;à déterminer;;À vérifier dans un dictionnaire lexicographique.;;Je rêve d'encore une amourette";" Je rêve d'encore m'enjuponner;AUPRES DE MON ARBRE;5;candidat à vérifier;CNRTL/TLFi ou Dictionnaire de l’Académie française";
LEX-0209;À VOIR;"antipathique;mot;lexique;à déterminer;;À vérifier dans un dictionnaire lexicographique.;;C'est même en revenant d'chez cet antipathique";" Qu'il tomba victime d'une indigestion critique;AUPRES DE MON ARBRE;1;candidat à vérifier;CNRTL/TLFi ou Dictionnaire de l’Académie française";
LEX-0210;À VOIR;"applaudi;mot;lexique;à déterminer;;À vérifier dans un dictionnaire lexicographique.;;Toi qui n'as pas applaudi quand";" Les croquantes et les croquants;LA MAUVAISE RÉPUTATION;1;candidat à vérifier;CNRTL/TLFi ou Dictionnaire de l’Académie française";
LEX-0211;À VOIR;"têtes chenues;expression;image poétique;littéraire / poétique;;""Têtes blanchies par l’âge; image traditionnelle de la vieillesse."";;Quand ils sont dev'nus des têtes chenues";" des grisons;LES COPAINS D'ABORD;1;sélection / à vérifier si nécessaire;CNRTL / Académie / analyse contextuelle";
LEX-0212;À VOIR;"à tire-d’aile;expression;expression;littéraire;;Très rapidement";" avec l’image du vol d’un oiseau.;;Ils sont partis à tire-d'aile"; Mes souvenirs de la Suzon;";LA MAUVAISE RÉPUTATION;0;sélection / à vérifier si nécessaire;CNRTL / Académie / analyse contextuelle";
LEX-0213;À VOIR;"prendre la clef des champs;expression;expression;idiomatique;;S’enfuir"; partir librement;" quitter un lieu.;;;;0;sélection / à vérifier si nécessaire;CNRTL / Académie / analyse contextuelle";
LEX-0214;À VOIR;"mener par le bout du cœur;expression;image poétique;poétique / figuré;;Exercer sur quelqu’un une forte emprise affective.;;;;0;sélection / à vérifier si nécessaire;CNRTL / Académie / analyse contextuelle";
LEX-0215;À VOIR;"mettre à feu et à sang;expression;expression;idiomatique;;""Dévaster";" ravager; causer de grands dégâts."";;;;0;sélection / à vérifier si nécessaire;CNRTL / Académie / analyse contextuelle";
LEX-0216;À VOIR;"ça va de soi;expression;expression;courant;;C’est évident";" cela ne nécessite pas d’explication.;;Tout le monde médit de moi"; Sauf les muets;" ça va de soi.;LA MAUVAISE RÉPUTATION;4;sélection / à vérifier si nécessaire;CNRTL / Académie / analyse contextuelle";
LEX-0217;À VOIR;"montrer du doigt;expression;expression;idiomatique;;Désigner quelqu’un pour le blâmer ou l’exposer aux regards.;;;;0;sélection / à vérifier si nécessaire;CNRTL / Académie / analyse contextuelle";
LEX-0218;À VOIR;"lâcher la bride à son émoi;expression;image poétique;poétique;;Laisser libre cours à son émotion.;;;;0;sélection / à vérifier si nécessaire;CNRTL / Académie / analyse contextuelle";
LEX-0219;À VOIR;"prendre la mort comme elle vient;expression;expression;philosophique;;Accepter la mort sans chercher à la maîtriser.;;Et jamais je ne parviens"; A prendre la mort comme elle vient;";LA MAUVAISE RÉPUTATION;1;sélection / à vérifier si nécessaire;CNRTL / Académie / analyse contextuelle";
LEX-0220;À VOIR;"faire la pige au temps;expression;image poétique;poétique / humoristique;;Rivaliser avec le temps";" tenter de lui échapper ou de le tromper.;;;;0;sélection / à vérifier si nécessaire;CNRTL / Académie / analyse contextuelle";
LEX-0221;À VOIR;"graisser la patte;expression;expression;familier / idiomatique;;Donner de l’argent ou un avantage à quelqu’un pour obtenir une faveur.;;;;0;sélection / à vérifier si nécessaire;CNRTL / Académie / analyse contextuelle";
LEX-0222;À VOIR;"de la suite dans les idées;expression;expression;idiomatique;;Avoir de la persévérance ou une logique dans ses actions.;;Fuirent prouvant qu'elles n'avaient guère";" De la suite dans les idées;LA MAUVAISE RÉPUTATION;1;sélection / à vérifier si nécessaire;CNRTL / Académie / analyse contextuelle";
LEX-0223;À VOIR;"à la fleur de l’âge;expression;expression;littéraire;;À l’époque de la jeunesse";" dans la période de pleine vigueur.;;Un bon petit diable à la fleur de l'âge";" La jambe légère et l'œil polisson;AUPRES DE MON ARBRE;0;sélection / à vérifier si nécessaire;CNRTL / Académie / analyse contextuelle";
LEX-0224;À VOIR;"bras dessus bras dessous;expression;expression;courant;;En se tenant par le bras";" dans une attitude complice ou affectueuse.;;;;0;sélection / à vérifier si nécessaire;CNRTL / Académie / analyse contextuelle";
LEX-0225;À VOIR;"remue-ménage;expression;expression;familier;;Agitation";" mouvement désordonné ou bruit causé par une activité intense.;;Et c'fut l'plus charmant des remue-ménage";" Qu'on ait vu d'mémoire de papillon;AUPRES DE MON ARBRE;2;sélection / à vérifier si nécessaire;CNRTL / Académie / analyse contextuelle";
LEX-0226;À VOIR;"à deux doigts de;expression;expression;courant;;""Tout près de; sur le point de."";;En voyant ces braves pandores";" Être à deux doigts de succomber;AUPRES DE MON ARBRE;1;sélection / à vérifier si nécessaire;CNRTL / Académie / analyse contextuelle";
LEX-0227;À VOIR;"retourner à ses oignons;expression;expression;familier / plaisant;;""Revenir à ses propres affaires; se mêler de ce qui nous concerne."";;;;0;sélection / à vérifier si nécessaire;CNRTL / Académie / analyse contextuelle";
LEX-0228;À VOIR;"mort aux vaches;expression;expression;argotique;;Insulte ou cri hostile envers les policiers ou l’autorité.;;Et lui fait crier: « Mort aux vaches"; Mort aux lois;" vive l'anarchie ! »;AUPRES DE MON ARBRE;4;sélection / à vérifier si nécessaire;CNRTL / Académie / analyse contextuelle";
LEX-0229;À VOIR;"ne pas en mener large;expression;expression;familier;;Être inquiet";" intimidé ou peu rassuré.;;;;0;sélection / à vérifier si nécessaire;CNRTL / Académie / analyse contextuelle";
LEX-0230;À VOIR;"au petit bonheur;expression;expression;familier;;""Au hasard";" sans méthode précise; parfois avec une nuance de chance."";;La fille à tout l'monde a bon cœur"; Elle me donne au petit bonheur;";LA MAUVAISE RÉPUTATION;1;sélection / à vérifier si nécessaire;CNRTL / Académie / analyse contextuelle";
LEX-0231;À VOIR;"faire des misères;expression;expression;familier;;Causer des ennuis ou faire souffrir quelqu’un.;;;;0;sélection / à vérifier si nécessaire;CNRTL / Académie / analyse contextuelle";
LEX-0232;À VOIR;"mettre fin à;expression;expression;courant;;Faire cesser quelque chose.;;;;0;sélection / à vérifier si nécessaire;CNRTL / Académie / analyse contextuelle";
LEX-0233;À VOIR;"faire le trottoir;expression;expression;familier / argotique;;Se prostituer en sollicitant des clients dans la rue.;;Car"; dans l'art de faire le trottoir; Je le confesse; Le difficile est d'bien savoir;" Jouer des fesses;LA MAUVAISE RÉPUTATION;1;sélection / à vérifier si nécessaire;CNRTL / Académie / analyse contextuelle";
LEX-0234;À VOIR;"jouer des fesses;expression;expression;familier / humoristique;;""Bouger ou utiliser ses fesses de façon suggestive; dans le texte";" se mouvoir de manière sexuelle."";;Car"; dans l'art de faire le trottoir; Je le confesse; Le difficile est d'bien savoir;" Jouer des fesses;LA MAUVAISE RÉPUTATION;1;sélection / à vérifier si nécessaire;CNRTL / Académie / analyse contextuelle";
LEX-0235;À VOIR;"ne pas perdre au change;expression;expression;idiomatique;;""Obtenir un avantage au lieu d’une perte; y trouver son compte."";;;;0;sélection / à vérifier si nécessaire;CNRTL / Académie / analyse contextuelle";
LEX-0236;À VOIR;"voir des deux yeux;expression;expression;courant;;Constater directement";" par opposition à croire sur parole.;;;;0;sélection / à vérifier si nécessaire;CNRTL / Académie / analyse contextuelle";
LEX-0237;À VOIR;"en avoir pour son argent;expression;expression;idiomatique;;Obtenir une quantité ou une qualité correspondant à ce que l’on a payé.;;;;0;sélection / à vérifier si nécessaire;CNRTL / Académie / analyse contextuelle";
LEX-0238;À VOIR;"chercher des poux;expression;expression;familier;;Chercher querelle";" provoquer des reproches ou des difficultés.;;;;0;sélection / à vérifier si nécessaire;CNRTL / Académie / analyse contextuelle";
LEX-0239;À VOIR;"donner du fil à retordre;expression;expression;idiomatique;;Causer des difficultés";" demander beaucoup d’efforts.;;;;0;sélection / à vérifier si nécessaire;CNRTL / Académie / analyse contextuelle";
LEX-0240;À VOIR;"tenir tête;expression;expression;courant;;Résister à quelqu’un";" lui faire face.;;;;0;sélection / à vérifier si nécessaire;CNRTL / Académie / analyse contextuelle";
LEX-0241;À VOIR;"à contrecœur;expression;expression;courant;;En éprouvant du déplaisir ou de la résistance intérieure.;;Mais ça m'tracasse et d'ailleurs";" J'les enterre à contrecœur;LA MAUVAISE RÉPUTATION;1;sélection / à vérifier si nécessaire;CNRTL / Académie / analyse contextuelle";
LEX-0242;À VOIR;"à l’aveuglette;expression;expression;courant;;Sans savoir exactement ce que l’on fait ou sans voir.;;Mais le temps passe et fauche à l'aveuglette. Notre amour mûrissait à peine que déjà";";LA MAUVAISE RÉPUTATION;0;sélection / à vérifier si nécessaire;CNRTL / Académie / analyse contextuelle";
LEX-0243;À VOIR;"dès potron-minet;expression;expression;vieilli / familier;;Très tôt le matin";" à l’aube.;;;;0;sélection / à vérifier si nécessaire;CNRTL / Académie / analyse contextuelle";
LEX-0244;À VOIR;"battre sa coulpe;expression;expression;littéraire / religieux;;Reconnaître sa faute";" s’en accuser.;;;;0;sélection / à vérifier si nécessaire;CNRTL / Académie / analyse contextuelle";
LEX-0245;À VOIR;"au diable Vauvert;expression;expression;familier / vieilli;;Très loin";" dans un endroit éloigné.;;Emportent les trépassés jusqu'au diable vauvert;LE PORNOGRAPHE;1;sélection / à vérifier si nécessaire;CNRTL / Académie / analyse contextuelle";
LEX-0246;À VOIR;"à la bonne franquette;expression;expression;familier;;Simplement";" sans cérémonie.;;;;0;sélection / à vérifier si nécessaire;CNRTL / Académie / analyse contextuelle";
LEX-0247;À VOIR;"faire chou blanc;expression;expression;idiomatique;;Échouer";" ne rien obtenir de ce qu’on cherchait.;;Le dur vexé de faire chou blanc"; Dégaine un couteau rutilant;";AUTRES;1;sélection / à vérifier si nécessaire;CNRTL / Académie / analyse contextuelle";
LEX-0248;À VOIR;"tomber dans les pommes;expression;expression;familier;;S’évanouir.;;;;0;sélection / à vérifier si nécessaire;CNRTL / Académie / analyse contextuelle";
LEX-0249;À VOIR;"faire long feu;expression;expression;idiomatique;;""Échouer ou ne pas produire l’effet attendu; selon l’usage";" durer plus longtemps que prévu."";;;;0;sélection / à vérifier si nécessaire;CNRTL / Académie / analyse contextuelle";
LEX-0250;À VOIR;"mettre la charrue avant les bœufs;expression;expression;proverbial;;Commencer par ce qui devrait venir après";" agir dans le désordre.;;;;0;sélection / à vérifier si nécessaire;CNRTL / Académie / analyse contextuelle";
LEX-0251;À VOIR;"prendre la poudre d’escampette;expression;expression;familier;;S’enfuir rapidement.;;;;0;sélection / à vérifier si nécessaire;CNRTL / Académie / analyse contextuelle";
LEX-0252;À VOIR;"chercher midi à quatorze heures;expression;expression;idiomatique;;Compliquer inutilement une chose simple.;;;;0;sélection / à vérifier si nécessaire;CNRTL / Académie / analyse contextuelle";
LEX-0253;À VOIR;"tirer les vers du nez;expression;expression;idiomatique;;Faire parler quelqu’un malgré lui.;;;;0;sélection / à vérifier si nécessaire;CNRTL / Académie / analyse contextuelle";
LEX-0254;À VOIR;"faire fi de;expression;expression;soutenu;;""Ne pas tenir compte de; mépriser."";;;;0;sélection / à vérifier si nécessaire;CNRTL / Académie / analyse contextuelle";
LEX-0255;À VOIR;"faire florès;expression;expression;littéraire;;Connaître un grand succès";" être en vogue.;;;;0;sélection / à vérifier si nécessaire;CNRTL / Académie / analyse contextuelle";
LEX-0256;À VOIR;"à brûle-pourpoint;expression;expression;idiomatique;;Brusquement";" sans préparation.;;;;0;sélection / à vérifier si nécessaire;CNRTL / Académie / analyse contextuelle";
LEX-0257;À VOIR;"en catimini;expression;expression;familier;;En secret";" discrètement.;;;;0;sélection / à vérifier si nécessaire;CNRTL / Académie / analyse contextuelle";
LEX-0258;À VOIR;"sans coup férir;expression;expression;littéraire;;Sans rencontrer de résistance.;;;;0;sélection / à vérifier si nécessaire;CNRTL / Académie / analyse contextuelle";
LEX-0259;À VOIR;"de but en blanc;expression;expression;familier;;Brusquement";" sans préparation.;;;;0;sélection / à vérifier si nécessaire;CNRTL / Académie / analyse contextuelle";
LEX-0260;À VOIR;"faire des gorges chaudes;expression;expression;idiomatique;;Se moquer abondamment d’une personne ou d’un événement.;;;;0;sélection / à vérifier si nécessaire;CNRTL / Académie / analyse contextuelle";
LEX-0261;À VOIR;"couper les cheveux en quatre;expression;expression;idiomatique;;S’attarder excessivement sur des détails.;;;;0;sélection / à vérifier si nécessaire;CNRTL / Académie / analyse contextuelle";
LEX-0262;À VOIR;"mettre les pieds dans le plat;expression;expression;familier;;Aborder maladroitement un sujet délicat.;;;;0;sélection / à vérifier si nécessaire;CNRTL / Académie / analyse contextuelle";
LEX-0263;À VOIR;"faire contre mauvaise fortune bon cœur;expression;expression;proverbial;;Garder courage malgré une situation défavorable.;;;;0;sélection / à vérifier si nécessaire;CNRTL / Académie / analyse contextuelle";
LEX-0264;À VOIR;"avoir le cœur gros;expression;expression;littéraire / courant;;Être triste";" accablé ou plein de chagrin.;;;;0;sélection / à vérifier si nécessaire;CNRTL / Académie / analyse contextuelle";
LEX-0265;À VOIR;"avoir le cœur en fête;expression;image;poétique;;Être très heureux.;Être très heureux.;;;0;sélection / à vérifier si nécessaire;CNRTL / Académie / analyse contextuelle";
LEX-0266;À VOIR;"la pluie et le beau temps;expression;expression;idiomatique;;""Les circonstances changeantes; au figuré";" l’ensemble des événements qui influencent une situation."";;Et pour moi"; pour mes chats; pour mes fleurs; mes poèmes;" C'était toi la pluie et le beau temps...;LA MAUVAISE RÉPUTATION;2;sélection / à vérifier si nécessaire;CNRTL / Académie / analyse contextuelle";
LEX-0267;À VOIR;"porter des cornes;expression;expression;familier;;Être trompé par son conjoint ou partenaire.;;;;0;sélection / à vérifier si nécessaire;CNRTL / Académie / analyse contextuelle";
LEX-0268;À VOIR;"être dans la lune;expression;expression;familier;;Être distrait";" rêveur ou absent à la réalité immédiate.;;;;0;sélection / à vérifier si nécessaire;CNRTL / Académie / analyse contextuelle";
LEX-0269;À VOIR;"tendre la patte;expression;expression;familier;;""Demander ou recevoir de l’argent ou une aide; selon le contexte";" solliciter une faveur."";;;;0;sélection / à vérifier si nécessaire;CNRTL / Académie / analyse contextuelle";
LEX-0270;À VOIR;"cracher sur;expression;expression;familier / figuré;;Mépriser ou dénigrer avec vigueur.;;;;0;sélection / à vérifier si nécessaire;CNRTL / Académie / analyse contextuelle";
LEX-0271;À VOIR;"passer à la casserole;expression;expression;familier;;Être soumis à une épreuve ou"; selon le contexte;" avoir une relation sexuelle.;;;;0;sélection / à vérifier si nécessaire;CNRTL / Académie / analyse contextuelle";
LEX-0272;À VOIR;"ne pas faire un pli;expression;expression;familier;;Être certain"; évident;" ne laisser aucune place au doute.;;;;0;sélection / à vérifier si nécessaire;CNRTL / Académie / analyse contextuelle";
LEX-0273;À VOIR;"avoir les yeux plus gros que le ventre;expression;expression;idiomatique;;Prendre plus que ce que l’on peut réellement consommer ou accomplir.;;;;0;sélection / à vérifier si nécessaire;CNRTL / Académie / analyse contextuelle";
LEX-0274;À VOIR;"prendre la tangente;expression;expression;familier;;S’échapper";" partir rapidement.;;;;0;sélection / à vérifier si nécessaire;CNRTL / Académie / analyse contextuelle";
LEX-0275;À VOIR;"faire un four;expression;expression;familier;;Subir un échec";" notamment pour un spectacle ou une entreprise.;;;;0;sélection / à vérifier si nécessaire;CNRTL / Académie / analyse contextuelle";
LEX-0276;À VOIR;"faire un tabac;expression;expression;familier;;Connaître un grand succès.;;;;0;sélection / à vérifier si nécessaire;CNRTL / Académie / analyse contextuelle";
LEX-0277;À VOIR;"être aux abois;expression;expression;idiomatique;;Être dans une situation désespérée";" sans solution apparente.;;;;0;sélection / à vérifier si nécessaire;CNRTL / Académie / analyse contextuelle";
LEX-0278;À VOIR;"tenir la dragée haute;expression;expression;idiomatique;;Résister avec succès à quelqu’un";" lui donner du fil à retordre.;;;;0;sélection / à vérifier si nécessaire;CNRTL / Académie / analyse contextuelle";
LEX-0279;À VOIR;"faire bonne figure;expression;expression;idiomatique;;Conserver une apparence digne ou favorable malgré les circonstances.;;;;0;sélection / à vérifier si nécessaire;CNRTL / Académie / analyse contextuelle";
LEX-0280;À VOIR;"prendre fait et cause;expression;expression;idiomatique;;Soutenir fermement quelqu’un ou quelque chose.;;;;0;sélection / à vérifier si nécessaire;CNRTL / Académie / analyse contextuelle";
LEX-0281;À VOIR;"avoir maille à partir;expression;expression;idiomatique / vieilli;;Avoir un différend";" une querelle avec quelqu’un.;;;;0;sélection / à vérifier si nécessaire;CNRTL / Académie / analyse contextuelle";
LEX-0282;À VOIR;"à la force du poignet;expression;expression;idiomatique;;Par son seul effort personnel";" sans aide extérieure.;;;;0;sélection / à vérifier si nécessaire;CNRTL / Académie / analyse contextuelle";
LEX-0283;À VOIR;"faire la nique;expression;expression;familier / vieilli;;Se moquer de quelqu’un ou le défier par un geste de mépris.;;;;0;sélection / à vérifier si nécessaire;CNRTL / Académie / analyse contextuelle";
LEX-0284;À VOIR;"mettre du beurre dans les épinards;expression;expression;familier;;Améliorer ses revenus ou sa situation matérielle.;;;;0;sélection / à vérifier si nécessaire;CNRTL / Académie / analyse contextuelle";
LEX-0285;À VOIR;"avoir pignon sur rue;expression;expression;idiomatique;;Être bien établi";" connu et respectable.;;;;0;sélection / à vérifier si nécessaire;CNRTL / Académie / analyse contextuelle";
LEX-0286;À VOIR;"à la va-comme-je-te-pousse;expression;expression;familier;;Sans méthode";" de façon improvisée et désordonnée.;;;;0;sélection / à vérifier si nécessaire;CNRTL / Académie / analyse contextuelle";
LEX-0287;À VOIR;"à tout berzingue;expression;expression;argotique / familier;;Très vite.;;;;0;sélection / à vérifier si nécessaire;CNRTL / Académie / analyse contextuelle";
LEX-0288;À VOIR;"à la hussarde;expression;expression;idiomatique;;Brutalement";" sans précaution ni délicatesse.;;;;0;sélection / à vérifier si nécessaire;CNRTL / Académie / analyse contextuelle";
LEX-0289;À VOIR;"à l’emporte-pièce;expression;expression;figuré;;De façon brutale";" tranchée ou sans nuance.;;;;0;sélection / à vérifier si nécessaire;CNRTL / Académie / analyse contextuelle";
LEX-0290;À VOIR;"à huis clos;expression;expression;juridique;;Sans public ni personnes étrangères aux intéressés.;;;;0;sélection / à vérifier si nécessaire;CNRTL / Académie / analyse contextuelle";
LEX-0291;À VOIR;"à la sauvette;expression;expression;familier;;Rapidement et discrètement";" souvent de manière irrégulière.;;;;0;sélection / à vérifier si nécessaire;CNRTL / Académie / analyse contextuelle";
LEX-0292;À VOIR;"à la dérobée;expression;expression;littéraire;;En secret";" à la faveur d’une occasion discrète.;;;;0;sélection / à vérifier si nécessaire;CNRTL / Académie / analyse contextuelle";
LEX-0293;À VOIR;"en un tournemain;expression;expression;vieilli / familier;;Très rapidement et avec facilité.;;N'y allant pas par quatre chemins";" J'estourbis en un tournemain;AUPRES DE MON ARBRE;2;sélection / à vérifier si nécessaire;CNRTL / Académie / analyse contextuelle";
LEX-0294;À VOIR;"du premier coup;expression;expression;courant;;Dès la première tentative.;;;;0;sélection / à vérifier si nécessaire;CNRTL / Académie / analyse contextuelle";
LEX-0295;À VOIR;"en deux temps trois mouvements;expression;expression;familier;;Très rapidement.;;;;0;sélection / à vérifier si nécessaire;CNRTL / Académie / analyse contextuelle";
LEX-0296;À VOIR;"à vau-l’eau;expression;expression;idiomatique;;En se dégradant";" sans direction ni contrôle.;;;;0;sélection / à vérifier si nécessaire;CNRTL / Académie / analyse contextuelle";
LEX-0297;À VOIR;"à perte de vue;expression;expression;courant / poétique;;Aussi loin que la vue peut porter.;;;;0;sélection / à vérifier si nécessaire;CNRTL / Académie / analyse contextuelle";
LEX-0298;À VOIR;"au fil de l’eau;expression;expression;figuré;;""En suivant le courant; au figuré"; progressivement;" sans plan très arrêté."";;;;0;sélection / à vérifier si nécessaire;CNRTL / Académie / analyse contextuelle";
LEX-0299;À VOIR;"à fleur de peau;expression;expression;figuré;;Très sensible";" facilement touché émotionnellement.;;;;0;sélection / à vérifier si nécessaire;CNRTL / Académie / analyse contextuelle";
LEX-0300;À VOIR;"à corps perdu;expression;expression;figuré;;Avec un engagement total";" sans retenue.;;;;0;sélection / à vérifier si nécessaire;CNRTL / Académie / analyse contextuelle";
LEX-0301;À VOIR;"à pas de loup;expression;expression;imagé;;Très discrètement et silencieusement.;;;;0;sélection / à vérifier si nécessaire;CNRTL / Académie / analyse contextuelle";
LEX-0302;À VOIR;"au pied levé;expression;expression;idiomatique;;Sans préparation préalable.;;;;0;sélection / à vérifier si nécessaire;CNRTL / Académie / analyse contextuelle";
LEX-0303;À VOIR;"à tombeau ouvert;expression;expression;figuré;;À très grande vitesse.;;;;0;sélection / à vérifier si nécessaire;CNRTL / Académie / analyse contextuelle";
LEX-0304;À VOIR;"à vol d’oiseau;expression;expression;figuré;;En ligne droite";" sans suivre les détours du terrain.;;;;0;sélection / à vérifier si nécessaire;CNRTL / Académie / analyse contextuelle";
LEX-0305;À VOIR;"de fil en aiguille;expression;expression;idiomatique;;Progressivement";" par une suite d’enchaînements.;;;;0;sélection / à vérifier si nécessaire;CNRTL / Académie / analyse contextuelle";
LEX-0306;À VOIR;"de guerre lasse;expression;expression;littéraire;;Après avoir épuisé toute résistance ou tout effort.;;;;0;sélection / à vérifier si nécessaire;CNRTL / Académie / analyse contextuelle";
LEX-0307;À VOIR;"de haute lutte;expression;expression;soutenu;;Après une lutte difficile et acharnée.;;;;0;sélection / à vérifier si nécessaire;CNRTL / Académie / analyse contextuelle";
LEX-0308;À VOIR;"sans vergogne;expression;expression;soutenu;;Sans honte ni gêne.;;T'as couru sans vergogne"; et pour une escalope;" Te jeter dans le lit du boucher.;LA MAUVAISE RÉPUTATION;18;sélection / à vérifier si nécessaire;CNRTL / Académie / analyse contextuelle";
LEX-0309;À VOIR;"tout de go;expression;expression;familier;;Directement";" sans détour ni préparation.;;Le chat la prenant pour sa mère se mit à téter tout de go";" émue Margot le laissa faire brave Margot;LA MAUVAISE RÉPUTATION;1;sélection / à vérifier si nécessaire;CNRTL / Académie / analyse contextuelle";
LEX-0310;À VOIR;"à bon escient;expression;expression;soutenu;;De manière appropriée";" au moment et de la façon qui conviennent.;;;;0;sélection / à vérifier si nécessaire;CNRTL / Académie / analyse contextuelle";
LEX-0311;À VOIR;"en bonne et due forme;expression;expression;courant;;Selon les règles ou formalités requises.;;;;0;sélection / à vérifier si nécessaire;CNRTL / Académie / analyse contextuelle";
LEX-0312;À VOIR;"de conserve;expression;expression;littéraire / vieilli;;""Ensemble";" en commun; souvent à propos de personnes ou de navires."";;;;0;sélection / à vérifier si nécessaire;CNRTL / Académie / analyse contextuelle";
LEX-0313;À VOIR;"en grande pompe;expression;expression;courant;;Avec beaucoup de solennité et de faste.;;Qu'ce soit en grande pompe"; Comme les gens biens; Ou bien dans la rue; Comme les pauvres et les chiens;";LA MAUVAISE RÉPUTATION;1;sélection / à vérifier si nécessaire;CNRTL / Académie / analyse contextuelle";
LEX-0314;À VOIR;"de concert;expression;expression;soutenu;;En accord ou ensemble avec d’autres.;;;;0;sélection / à vérifier si nécessaire;CNRTL / Académie / analyse contextuelle";
LEX-0315;À VOIR;"à dessein;expression;expression;soutenu;;Intentionnellement.;;;;0;sélection / à vérifier si nécessaire;CNRTL / Académie / analyse contextuelle";
LEX-0316;À VOIR;"à rebours;expression;expression;soutenu;;""À l’envers";" dans le sens contraire; par extension";" à contre-courant."";;;;0;sélection / à vérifier si nécessaire;CNRTL / Académie / analyse contextuelle";
LEX-0317;À VOIR;"sans ambages;expression;expression;soutenu;;Directement";" sans détour.;;Sans ambages"; Dans les pages; Du missel;";LES COPAINS D'ABORD;3;sélection / à vérifier si nécessaire;CNRTL / Académie / analyse contextuelle";
LEX-0318;À VOIR;"en filigrane;expression;expression;figuré;;De façon discrète mais perceptible en arrière-plan.;;;;0;sélection / à vérifier si nécessaire;CNRTL / Académie / analyse contextuelle";
LEX-0319;À VOIR;"en trompe-l’œil;expression;expression;arts / figuré;;Avec une apparence destinée à donner une illusion de réalité.;;;;0;sélection / à vérifier si nécessaire;CNRTL / Académie / analyse contextuelle";
LEX-0320;À VOIR;"de prime abord;expression;expression;soutenu;;Au premier regard";" au premier examen.;;On n'était pas tenu même d'apporter son cœur... Mimi"; de prime abord; payait guère de mine;";LES COPAINS D'ABORD;1;sélection / à vérifier si nécessaire;CNRTL / Académie / analyse contextuelle";
LEX-0321;À VOIR;"de surcroît;expression;expression;soutenu;;En plus";" en outre.;;Si madame Dupont d'aventure m'attire";" Il faut que de surcroît Dupont me plaise aussi;MOURIR POUR DES IDEES;1;sélection / à vérifier si nécessaire;CNRTL / Académie / analyse contextuelle";
LEX-0322;À VOIR;"par-dessus le marché;expression;expression;familier;;En plus de ce qui était déjà prévu ou attendu.;;;;0;sélection / à vérifier si nécessaire;CNRTL / Académie / analyse contextuelle";
LEX-0323;À VOIR;"pour tout dire;expression;expression;courant;;Pour être complet ou franc.;;Ce serait extraordinaire";" Et pour tout dire inespéré »;LA MAUVAISE RÉPUTATION;1;sélection / à vérifier si nécessaire;CNRTL / Académie / analyse contextuelle";
LEX-0324;À VOIR;"à vrai dire;expression;expression;courant;;Pour dire les choses avec exactitude ou franchise.;;;;0;sélection / à vérifier si nécessaire;CNRTL / Académie / analyse contextuelle";
LEX-0325;À VOIR;"quoi qu’il en coûte;expression;expression;courant;;Quel que soit le prix ou le sacrifice nécessaire.;;;;0;sélection / à vérifier si nécessaire;CNRTL / Académie / analyse contextuelle";
LEX-0326;À VOIR;"tant bien que mal;expression;expression;idiomatique;;Avec difficulté";" mais en réussissant malgré tout.;;;;0;sélection / à vérifier si nécessaire;CNRTL / Académie / analyse contextuelle";
LEX-0327;À VOIR;"bon gré mal gré;expression;expression;idiomatique;;Que cela plaise ou non.;;;;0;sélection / à vérifier si nécessaire;CNRTL / Académie / analyse contextuelle";
LEX-0328;À VOIR;"de gaieté de cœur;expression;expression;idiomatique;;Avec plaisir et sans contrainte.;;;;0;sélection / à vérifier si nécessaire;CNRTL / Académie / analyse contextuelle";
LEX-0329;À VOIR;"à cœur joie;expression;expression;idiomatique;;Avec beaucoup de plaisir et sans retenue.;;Depuis que l'homme écrit l'Histoire";" Depuis qu'il bataille à cœur joie;LES COPAINS D'ABORD;1;sélection / à vérifier si nécessaire;CNRTL / Académie / analyse contextuelle";
LEX-0330;À VOIR;"à cœur ouvert;expression;expression;figuré;;Avec franchise et sans dissimulation.;;;;0;sélection / à vérifier si nécessaire;CNRTL / Académie / analyse contextuelle";
LEX-0331;À VOIR;"avoir à cœur;expression;expression;idiomatique;;Tenir beaucoup à quelque chose.;;;;0;sélection / à vérifier si nécessaire;CNRTL / Académie / analyse contextuelle";
LEX-0332;À VOIR;"prendre à cœur;expression;expression;idiomatique;;Se sentir personnellement concerné par quelque chose.;;;;0;sélection / à vérifier si nécessaire;CNRTL / Académie / analyse contextuelle";
LEX-0333;À VOIR;"mettre du cœur à l’ouvrage;expression;expression;idiomatique;;Travailler avec énergie et bonne volonté.;;;;0;sélection / à vérifier si nécessaire;CNRTL / Académie / analyse contextuelle";
LEX-0334;À VOIR;"le cœur n’y est pas;expression;expression;familier;;On manque d’envie ou d’enthousiasme.;;;;0;sélection / à vérifier si nécessaire;CNRTL / Académie / analyse contextuelle";
LEX-0335;À VOIR;"avoir le cœur sur la main;expression;expression;idiomatique;;Être généreux et prêt à aider.;;;;0;sélection / à vérifier si nécessaire;CNRTL / Académie / analyse contextuelle";
LEX-0336;À VOIR;"faire battre le cœur;expression;image;poétique;;Émouvoir fortement ou susciter l’amour.;Émouvoir fortement ou susciter l’amour.;;;0;sélection / à vérifier si nécessaire;CNRTL / Académie / analyse contextuelle";
LEX-0337;À VOIR;"avoir une âme en peine;expression;expression;littéraire;;Être profondément triste ou affligé.;;;;0;sélection / à vérifier si nécessaire;CNRTL / Académie / analyse contextuelle";
LEX-0338;À VOIR;"porter dans son cœur;expression;expression;figuré;;Aimer ou estimer profondément quelqu’un.;;;;0;sélection / à vérifier si nécessaire;CNRTL / Académie / analyse contextuelle";
LEX-0339;À VOIR;"avoir l’âme en peine;expression;expression;littéraire;;Être triste";" tourmenté ou malheureux.;;;;0;sélection / à vérifier si nécessaire;CNRTL / Académie / analyse contextuelle";
LEX-0340;À VOIR;"un feu de joie;expression;expression;traditionnel;;Feu allumé pour célébrer une fête ou un événement heureux.;;Et dans mon âme il brûle encore";" A la manière d'un feu de joie;LA MAUVAISE RÉPUTATION;1;sélection / à vérifier si nécessaire;CNRTL / Académie / analyse contextuelle";
LEX-0341;À VOIR;"le feu sacré;expression;expression;figuré;;Enthousiasme durable pour une activité ou une cause.;;Le feu sacré brillait par son absence"; Il est des jours où Cupidon s'en fout;" Il est des jours où Cupidon s'en fout;TEMPETE DANS UN BENITIER;1;sélection / à vérifier si nécessaire;CNRTL / Académie / analyse contextuelle";
LEX-0342;À VOIR;"mettre le feu aux poudres;expression;expression;figuré;;Provoquer brutalement une crise ou un conflit.;;;;0;sélection / à vérifier si nécessaire;CNRTL / Académie / analyse contextuelle";
LEX-0343;À VOIR;"jeter de l’huile sur le feu;expression;expression;idiomatique;;Aggraver un conflit par ses paroles ou ses actes.;;;;0;sélection / à vérifier si nécessaire;CNRTL / Académie / analyse contextuelle";
LEX-0344;À VOIR;"faire feu de tout bois;expression;expression;idiomatique;;Employer tous les moyens disponibles pour parvenir à ses fins.;;;;0;sélection / à vérifier si nécessaire;CNRTL / Académie / analyse contextuelle";
LEX-0345;À VOIR;"être en rut;expression;expression;zoologie / familier;;Être dans une période de désir sexuel intense"; chez certains animaux et; familièrement;" chez l’humain.;;;;0;sélection / à vérifier si nécessaire;CNRTL / Académie / analyse contextuelle";
LEX-0346;À VOIR;"avoir les crocs;expression;expression;familier;;Avoir très faim.;;;;0;sélection / à vérifier si nécessaire;CNRTL / Académie / analyse contextuelle";
LEX-0347;À VOIR;"crever de faim;expression;expression;familier;;Avoir extrêmement faim.;;;;0;sélection / à vérifier si nécessaire;CNRTL / Académie / analyse contextuelle";
LEX-0348;À VOIR;"gagner son pain;expression;expression;familier;;Gagner de quoi vivre par son travail.;;;;0;sélection / à vérifier si nécessaire;CNRTL / Académie / analyse contextuelle";
LEX-0349;À VOIR;"vivre sur le dos de;expression;expression;familier;;Profiter de quelqu’un sans contribuer soi-même.;;;;0;sélection / à vérifier si nécessaire;CNRTL / Académie / analyse contextuelle";
LEX-0350;À VOIR;"faire bonne chère;expression;expression;littéraire / vieilli;;""Bien manger; recevoir ou manger abondamment."";;;;0;sélection / à vérifier si nécessaire;CNRTL / Académie / analyse contextuelle";
LEX-0351;À VOIR;"mettre les bouchées doubles;expression;expression;idiomatique;;Accélérer fortement son travail.;;;;0;sélection / à vérifier si nécessaire;CNRTL / Académie / analyse contextuelle";
LEX-0352;À VOIR;"avoir du pain sur la planche;expression;expression;familier;;Avoir beaucoup de travail à accomplir.;;;;0;sélection / à vérifier si nécessaire;CNRTL / Académie / analyse contextuelle";
LEX-0353;À VOIR;"manger les pissenlits par la racine;expression;expression;familier / plaisant;;Être mort et enterré.;;;;0;sélection / à vérifier si nécessaire;CNRTL / Académie / analyse contextuelle";
LEX-0354;À VOIR;"passer l’arme à gauche;expression;expression;familier;;Mourir.;;;;0;sélection / à vérifier si nécessaire;CNRTL / Académie / analyse contextuelle";
LEX-0355;À VOIR;"casser sa pipe;expression;expression;familier;;Mourir.;;;;0;sélection / à vérifier si nécessaire;CNRTL / Académie / analyse contextuelle";
LEX-0356;À VOIR;"rendre l’âme;expression;expression;littéraire;;Mourir.;;;;0;sélection / à vérifier si nécessaire;CNRTL / Académie / analyse contextuelle";
LEX-0357;À VOIR;"tirer sa révérence;expression;expression;littéraire;;""Partir";" se retirer; parfois mourir."";;;;0;sélection / à vérifier si nécessaire;CNRTL / Académie / analyse contextuelle";
LEX-0358;À VOIR;"être six pieds sous terre;expression;expression;familier;;Être mort et enterré.;;;;0;sélection / à vérifier si nécessaire;CNRTL / Académie / analyse contextuelle";
LEX-0359;À VOIR;"avoir un pied dans la tombe;expression;expression;figuré;;Être très âgé ou proche de la mort.;;;;0;sélection / à vérifier si nécessaire;CNRTL / Académie / analyse contextuelle";
LEX-0360;À VOIR;"faire son deuil;expression;expression;courant;;Accepter progressivement une perte.;;;;0;sélection / à vérifier si nécessaire;CNRTL / Académie / analyse contextuelle";
LEX-0361;À VOIR;"être au bord du gouffre;expression;expression;figuré;;Être dans une situation extrêmement dangereuse ou difficile.;;;;0;sélection / à vérifier si nécessaire;CNRTL / Académie / analyse contextuelle";
LEX-0362;À VOIR;"au petit matin;expression;expression;poétique / courant;;Au début de la matinée";" à l’aube.;;;;0;sélection / à vérifier si nécessaire;CNRTL / Académie / analyse contextuelle";
LEX-0363;À VOIR;"à la nuit tombée;expression;expression;littéraire;;Lorsque la nuit commence.;;;;0;sélection / à vérifier si nécessaire;CNRTL / Académie / analyse contextuelle";
LEX-0364;À VOIR;"aux quatre coins du monde;expression;expression;figuré;;Partout dans le monde.;;Aux quatre coins du monde encore";" Qui se lève et crie : « Pas d'accord ! »;DERNIERES CHANSONS PAR J. BERTOLA;1;sélection / à vérifier si nécessaire;CNRTL / Académie / analyse contextuelle";
LEX-0365;À VOIR;"sous les verrous;expression;expression;familier;;En prison.;;J'aurais gaîment passé dix ans au bagne Sous les verrous... -Le vent qui vient à travers la montagne Me rendra fou.;AUPRES DE MON ARBRE;1;sélection / à vérifier si nécessaire;CNRTL / Académie / analyse contextuelle";
LEX-0366;À VOIR;"faire le mur;expression;expression;familier;;Quitter clandestinement un lieu où l’on est retenu";" notamment une caserne ou un internat.;;;;0;sélection / à vérifier si nécessaire;CNRTL / Académie / analyse contextuelle";
LEX-0367;À VOIR;"être dans de beaux draps;expression;expression;familier;;Être dans une situation difficile ou embarrassante.;;;;0;sélection / à vérifier si nécessaire;CNRTL / Académie / analyse contextuelle";
LEX-0368;À VOIR;"mettre les voiles;expression;expression;familier;;Partir";" s’en aller.;;;;0;sélection / à vérifier si nécessaire;CNRTL / Académie / analyse contextuelle";
LEX-0369;À VOIR;"prendre le large;expression;expression;figuré;;Partir";" s’éloigner.;;;;0;sélection / à vérifier si nécessaire;CNRTL / Académie / analyse contextuelle";
LEX-0370;À VOIR;"faire route;expression;expression;littéraire;;Se diriger vers un lieu";" voyager dans une direction donnée.;;;;0;sélection / à vérifier si nécessaire;CNRTL / Académie / analyse contextuelle";
LEX-0371;À VOIR;"à bâtons rompus;expression;expression;figuré;;De manière discontinue";" sans ordre suivi.;;;;0;sélection / à vérifier si nécessaire;CNRTL / Académie / analyse contextuelle";
LEX-0372;À VOIR;"en long et en large;expression;expression;idiomatique;;Dans toutes les directions ou sous tous les aspects.;;;;0;sélection / à vérifier si nécessaire;CNRTL / Académie / analyse contextuelle";
LEX-0373;À VOIR;"de long en large;expression;expression;idiomatique;;En parcourant un espace dans toutes les directions.;;;;0;sélection / à vérifier si nécessaire;CNRTL / Académie / analyse contextuelle";
LEX-0374;À VOIR;"à tout va;expression;expression;familier;;Sans mesure";" sans retenue.;;;;0;sélection / à vérifier si nécessaire;CNRTL / Académie / analyse contextuelle";
LEX-0375;À VOIR;"à tour de bras;expression;expression;familier;;Avec énergie et abondance.;;;;0;sélection / à vérifier si nécessaire;CNRTL / Académie / analyse contextuelle";
LEX-0376;À VOIR;"à bras-le-corps;expression;expression;figuré;;""En saisissant fermement; figurément";" en s’attaquant directement à une difficulté."";;;;0;sélection / à vérifier si nécessaire;CNRTL / Académie / analyse contextuelle";
LEX-0377;À VOIR;"prendre le taureau par les cornes;expression;expression;idiomatique;;Affronter directement une difficulté.;;;;0;sélection / à vérifier si nécessaire;CNRTL / Académie / analyse contextuelle";
LEX-0378;À VOIR;"mettre les points sur les i;expression;expression;familier;;Clarifier fermement une situation ou des intentions.;;;;0;sélection / à vérifier si nécessaire;CNRTL / Académie / analyse contextuelle";
LEX-0379;À VOIR;"couper court;expression;expression;idiomatique;;Faire cesser rapidement.;;C'est pour tenter de couper court"; A l'avance du temps qui court; De persuader ce vieux goujat;" Que tout le mal est fait déjà;TEMPETE DANS UN BENITIER;1;sélection / à vérifier si nécessaire;CNRTL / Académie / analyse contextuelle";
LEX-0380;À VOIR;"faire mouche;expression;expression;figuré;;Atteindre exactement son but";" notamment par une remarque juste.;;;;0;sélection / à vérifier si nécessaire;CNRTL / Académie / analyse contextuelle";
LEX-0381;À VOIR;"taper dans le mille;expression;expression;familier;;Atteindre exactement le résultat recherché.;;;;0;sélection / à vérifier si nécessaire;CNRTL / Académie / analyse contextuelle";
LEX-0382;À VOIR;"viser juste;expression;expression;figuré;;Atteindre précisément son objectif.;;;;0;sélection / à vérifier si nécessaire;CNRTL / Académie / analyse contextuelle";
LEX-0383;À VOIR;"mettre dans le mille;expression;expression;familier;;Atteindre précisément le but.;;;;0;sélection / à vérifier si nécessaire;CNRTL / Académie / analyse contextuelle";
LEX-0384;À VOIR;"donner le change;expression;expression;idiomatique;;Tromper quelqu’un en lui donnant une fausse apparence.;;;;0;sélection / à vérifier si nécessaire;CNRTL / Académie / analyse contextuelle";
LEX-0385;À VOIR;"jeter l’éponge;expression;expression;familier;;Abandonner une lutte ou une entreprise.;;;;0;sélection / à vérifier si nécessaire;CNRTL / Académie / analyse contextuelle";
LEX-0386;À VOIR;"rendre les armes;expression;expression;figuré;;Cesser de résister";" abandonner.;;;;0;sélection / à vérifier si nécessaire;CNRTL / Académie / analyse contextuelle";
LEX-0387;À VOIR;"mettre genou à terre;expression;expression;figuré;;S’incliner ou reconnaître sa défaite.;;;;0;sélection / à vérifier si nécessaire;CNRTL / Académie / analyse contextuelle";
LEX-0388;À VOIR;"tenir bon;expression;expression;courant;;Résister sans céder.;;;;0;sélection / à vérifier si nécessaire;CNRTL / Académie / analyse contextuelle";
LEX-0389;À VOIR;"ne rien lâcher;expression;expression;familier;;Persévérer sans abandonner.;;;;0;sélection / à vérifier si nécessaire;CNRTL / Académie / analyse contextuelle";
LEX-0390;À VOIR;"faire front;expression;expression;figuré;;Résister collectivement à une difficulté ou à une attaque.;;;;0;sélection / à vérifier si nécessaire;CNRTL / Académie / analyse contextuelle";
LEX-0391;À VOIR;"prendre son mal en patience;expression;expression;idiomatique;;Supporter une situation pénible en attendant qu’elle passe.;;;;0;sélection / à vérifier si nécessaire;CNRTL / Académie / analyse contextuelle";
LEX-0392;À VOIR;"voir venir;expression;expression;familier;;Anticiper ou comprendre ce qui se prépare.;;;;0;sélection / à vérifier si nécessaire;CNRTL / Académie / analyse contextuelle";
LEX-0393;À VOIR;"ne pas voir plus loin que le bout de son nez;expression;expression;idiomatique;;Manquer de recul ou de prévoyance.;;;;0;sélection / à vérifier si nécessaire;CNRTL / Académie / analyse contextuelle";
LEX-0394;À VOIR;"avoir la tête dans les nuages;expression;expression;idiomatique;;Être rêveur ou peu attentif à la réalité.;;;;0;sélection / à vérifier si nécessaire;CNRTL / Académie / analyse contextuelle";
LEX-0395;À VOIR;"perdre la tête;expression;expression;idiomatique;;""Ne plus raisonner normalement; devenir fou ou paniqué."";;;;0;sélection / à vérifier si nécessaire;CNRTL / Académie / analyse contextuelle";
LEX-0396;À VOIR;"faire tourner la tête;expression;expression;figuré;;Étourdir ou fasciner fortement.;;;;0;sélection / à vérifier si nécessaire;CNRTL / Académie / analyse contextuelle";
LEX-0397;À VOIR;"avoir une idée derrière la tête;expression;expression;idiomatique;;Avoir une intention cachée ou un projet non déclaré.;;;;0;sélection / à vérifier si nécessaire;CNRTL / Académie / analyse contextuelle";
LEX-0398;À VOIR;"se creuser la tête;expression;expression;familier;;Réfléchir intensément.;;;;0;sélection / à vérifier si nécessaire;CNRTL / Académie / analyse contextuelle";
LEX-0399;À VOIR;"faire la fine bouche;expression;expression;idiomatique;;Se montrer difficile ou dédaigneux devant ce qu’on vous propose.;;;;0;sélection / à vérifier si nécessaire;CNRTL / Académie / analyse contextuelle";
LEX-0400;À VOIR;"avoir bon dos;expression;expression;idiomatique;;Pouvoir être facilement accusé ou servir de prétexte.;;;;0;sélection / à vérifier si nécessaire;CNRTL / Académie / analyse contextuelle";
LEX-0401;À VOIR;"faire les gros yeux;expression;expression;familier;;Regarder sévèrement pour manifester son mécontentement.;;;;0;sélection / à vérifier si nécessaire;CNRTL / Académie / analyse contextuelle";
LEX-0402;À VOIR;"jeter un regard;expression;expression;courant;;Regarder rapidement ou attentivement selon le contexte.;;;;0;sélection / à vérifier si nécessaire;CNRTL / Académie / analyse contextuelle";
LEX-0403;À VOIR;"avoir l’œil;expression;expression;familier;;Être attentif et observateur.;;;;0;sélection / à vérifier si nécessaire;CNRTL / Académie / analyse contextuelle";
LEX-0404;À VOIR;"coûter les yeux de la tête;expression;expression;familier;;Coûter très cher.;;;;0;sélection / à vérifier si nécessaire;CNRTL / Académie / analyse contextuelle";
LEX-0405;À VOIR;"avoir les yeux de Chimène;expression;expression;littéraire;;Regarder quelqu’un avec amour ou admiration.;;;;0;sélection / à vérifier si nécessaire;CNRTL / Académie / analyse contextuelle";
LEX-0406;À VOIR;"ouvrir les yeux;expression;expression;figuré;;Prendre conscience d’une réalité.;;;;0;sélection / à vérifier si nécessaire;CNRTL / Académie / analyse contextuelle";
LEX-0407;À VOIR;"fermer les yeux sur;expression;expression;idiomatique;;Choisir de ne pas tenir compte d’une faute ou d’un problème.;;;;0;sélection / à vérifier si nécessaire;CNRTL / Académie / analyse contextuelle";
LEX-0408;À VOIR;"tenir sa langue;expression;expression;idiomatique;;Se taire";" ne pas révéler un secret.;;;;0;sélection / à vérifier si nécessaire;CNRTL / Académie / analyse contextuelle";
LEX-0409;À VOIR;"avoir la langue bien pendue;expression;expression;familier;;Parler beaucoup et avec aisance.;;;;0;sélection / à vérifier si nécessaire;CNRTL / Académie / analyse contextuelle";
LEX-0410;À VOIR;"donner sa langue au chat;expression;expression;familier;;Renoncer à trouver une réponse.;;;;0;sélection / à vérifier si nécessaire;CNRTL / Académie / analyse contextuelle";
LEX-0411;À VOIR;"avoir un mot sur le bout de la langue;expression;expression;idiomatique;;Savoir presque une réponse ou un mot sans parvenir à le retrouver.;;;;0;sélection / à vérifier si nécessaire;CNRTL / Académie / analyse contextuelle";
LEX-0412;À VOIR;"tourner sept fois sa langue dans sa bouche;expression;expression;proverbial;;Réfléchir avant de parler.;;;;0;sélection / à vérifier si nécessaire;CNRTL / Académie / analyse contextuelle";
LEX-0413;À VOIR;"parler dans le vide;expression;expression;figuré;;Parler sans être écouté.;;;;0;sélection / à vérifier si nécessaire;CNRTL / Académie / analyse contextuelle";
LEX-0414;À VOIR;"faire des pieds et des mains;expression;expression;idiomatique;;Employer tous les moyens possibles pour obtenir quelque chose.;;;;0;sélection / à vérifier si nécessaire;CNRTL / Académie / analyse contextuelle";
LEX-0415;À VOIR;"prendre son pied;expression;expression;familier;;Éprouver beaucoup de plaisir";" notamment sexuel selon le contexte.;;;;0;sélection / à vérifier si nécessaire;CNRTL / Académie / analyse contextuelle";
LEX-0416;À VOIR;"avoir le bras long;expression;expression;idiomatique;;Disposer d’influences importantes.;;;;0;sélection / à vérifier si nécessaire;CNRTL / Académie / analyse contextuelle";
LEX-0417;À VOIR;"donner un coup de main;expression;expression;familier;;Aider quelqu’un.;;;;0;sélection / à vérifier si nécessaire;CNRTL / Académie / analyse contextuelle";
LEX-0418;À VOIR;"prêter main-forte;expression;expression;soutenu;;Apporter son aide.;;;;0;sélection / à vérifier si nécessaire;CNRTL / Académie / analyse contextuelle";
LEX-0419;À VOIR;"serrer les coudes;expression;expression;familier;;Se soutenir mutuellement.;;;;0;sélection / à vérifier si nécessaire;CNRTL / Académie / analyse contextuelle";
LEX-0420;À VOIR;"mettre la main à la pâte;expression;expression;idiomatique;;Participer concrètement à une tâche.;;;;0;sélection / à vérifier si nécessaire;CNRTL / Académie / analyse contextuelle";
LEX-0421;À VOIR;"mettre la main au feu;expression;expression;idiomatique;;Être absolument certain de quelque chose.;;;;0;sélection / à vérifier si nécessaire;CNRTL / Académie / analyse contextuelle";
LEX-0422;À VOIR;"avoir un poil dans la main;expression;expression;familier;;Être paresseux.;;;;0;sélection / à vérifier si nécessaire;CNRTL / Académie / analyse contextuelle";
LEX-0423;À VOIR;"ne pas y aller de main morte;expression;expression;familier;;Agir avec beaucoup de force ou de sévérité.;;;;0;sélection / à vérifier si nécessaire;CNRTL / Académie / analyse contextuelle";
LEX-0424;À VOIR;"passer l’éponge;expression;expression;familier;;Pardonner ou décider de ne plus tenir compte d’une faute.;;;;0;sélection / à vérifier si nécessaire;CNRTL / Académie / analyse contextuelle";
LEX-0425;À VOIR;"donner un coup de collier;expression;expression;familier;;Faire un effort intense pendant un temps limité.;;;;0;sélection / à vérifier si nécessaire;CNRTL / Académie / analyse contextuelle";
LEX-0426;À VOIR;"prendre ses jambes à son cou;expression;expression;familier;;S’enfuir très rapidement.;;;;0;sélection / à vérifier si nécessaire;CNRTL / Académie / analyse contextuelle";
LEX-0427;À VOIR;"avoir les jambes en coton;expression;expression;familier;;Être très faible ou tremblant.;;;;0;sélection / à vérifier si nécessaire;CNRTL / Académie / analyse contextuelle";
LEX-0428;À VOIR;"couper l’herbe sous le pied;expression;expression;idiomatique;;Empêcher quelqu’un d’agir en prenant les devants.;;;;0;sélection / à vérifier si nécessaire;CNRTL / Académie / analyse contextuelle";
LEX-0429;À VOIR;"marcher sur des œufs;expression;expression;idiomatique;;Agir avec beaucoup de précaution dans une situation délicate.;;;;0;sélection / à vérifier si nécessaire;CNRTL / Académie / analyse contextuelle";
LEX-0430;À VOIR;"prendre racine;expression;expression;figuré;;Rester longtemps au même endroit.;;;;0;sélection / à vérifier si nécessaire;CNRTL / Académie / analyse contextuelle";
LEX-0431;À VOIR;"ne pas pousser comme un champignon;expression;expression;humoristique;;""Ne pas apparaître ou se développer rapidement; formule contextuelle."";;;;0;sélection / à vérifier si nécessaire;CNRTL / Académie / analyse contextuelle";
LEX-0432;À VOIR;"être dans le pâté;expression;expression;familier;;""Être fatigué ou peu lucide; emploi familier."";;;;0;sélection / à vérifier si nécessaire;CNRTL / Académie / analyse contextuelle";
LEX-0433;À VOIR;"faire un bide;expression;expression;familier;;Connaître un échec";" notamment pour un spectacle ou une plaisanterie.;;;;0;sélection / à vérifier si nécessaire;CNRTL / Académie / analyse contextuelle";
LEX-0434;À VOIR;"être à côté de la plaque;expression;expression;familier;;Se tromper complètement ou être hors sujet.;;;;0;sélection / à vérifier si nécessaire;CNRTL / Académie / analyse contextuelle";
LEX-0435;À VOIR;"tomber à côté;expression;expression;courant;;Ne pas atteindre son objectif.;;;;0;sélection / à vérifier si nécessaire;CNRTL / Académie / analyse contextuelle";
LEX-0436;À VOIR;"être dans les choux;expression;expression;familier;;Être en difficulté ou avoir échoué.;;;;0;sélection / à vérifier si nécessaire;CNRTL / Académie / analyse contextuelle";
LEX-0437;À VOIR;"se mettre le doigt dans l’œil;expression;expression;familier;;Se tromper lourdement.;;;;0;sélection / à vérifier si nécessaire;CNRTL / Académie / analyse contextuelle";
LEX-0438;À VOIR;"se prendre les pieds dans le tapis;expression;expression;familier / imagé;;Se mettre soi-même en difficulté ou se contredire.;;;;0;sélection / à vérifier si nécessaire;CNRTL / Académie / analyse contextuelle";
LEX-0439;À VOIR;"ne pas casser trois pattes à un canard;expression;expression;familier / plaisant;;Ne rien avoir d’exceptionnel.;;;;0;sélection / à vérifier si nécessaire;CNRTL / Académie / analyse contextuelle";
LEX-0440;À VOIR;"faire d’une pierre deux coups;expression;expression;idiomatique;;Atteindre deux objectifs par une seule action.;;;;0;sélection / à vérifier si nécessaire;CNRTL / Académie / analyse contextuelle";
LEX-0441;À VOIR;"chercher la petite bête;expression;expression;familier;;Rechercher des détails ou des défauts insignifiants.;;;;0;sélection / à vérifier si nécessaire;CNRTL / Académie / analyse contextuelle";
LEX-0442;À VOIR;"prendre des vessies pour des lanternes;expression;expression;idiomatique;;Prendre une chose pour une autre par naïveté ou erreur.;;;;0;sélection / à vérifier si nécessaire;CNRTL / Académie / analyse contextuelle";
LEX-0443;À VOIR;"se faire rouler dans la farine;expression;expression;familier;;Être trompé ou dupé.;;;;0;sélection / à vérifier si nécessaire;CNRTL / Académie / analyse contextuelle";
LEX-0444;À VOIR;"manger son chapeau;expression;expression;familier;;Admettre qu’on s’est trompé ou subir un démenti humiliant.;;;;0;sélection / à vérifier si nécessaire;CNRTL / Académie / analyse contextuelle";
LEX-0445;À VOIR;"avaler des couleuvres;expression;expression;idiomatique;;Accepter des humiliations ou des désagréments sans pouvoir protester.;;;;0;sélection / à vérifier si nécessaire;CNRTL / Académie / analyse contextuelle";
LEX-0446;À VOIR;"être le dindon de la farce;expression;expression;idiomatique;;Être la personne dupée ou ridiculisée dans une affaire.;;;;0;sélection / à vérifier si nécessaire;CNRTL / Académie / analyse contextuelle";
LEX-0447;À VOIR;"rire jaune;expression;expression;idiomatique;;Rire en dissimulant difficilement son dépit.;;;;0;sélection / à vérifier si nécessaire;CNRTL / Académie / analyse contextuelle";
LEX-0448;À VOIR;"se payer la tête de quelqu’un;expression;expression;familier;;Se moquer de quelqu’un.;;;;0;sélection / à vérifier si nécessaire;CNRTL / Académie / analyse contextuelle";
LEX-0449;À VOIR;"faire marcher quelqu’un;expression;expression;familier;;Tromper ou plaisanter avec quelqu’un.;;;;0;sélection / à vérifier si nécessaire;CNRTL / Académie / analyse contextuelle";
LEX-0450;À VOIR;"prendre quelqu’un pour une bille;expression;expression;familier;;Sous-estimer son intelligence.;;;;0;sélection / à vérifier si nécessaire;CNRTL / Académie / analyse contextuelle";
